id,prediction
yor_0001_topic,entertainment
yor_0001_headline,Nkechi Blessing: Ọlọ́run ni màá mọ̀ pé mò ń kọrin
yor_0002_topic,entertainment
yor_0002_headline,Kemi Afolabi: Ọlọ́run ni mo mọ̀ pé mo ṣe àmọ́ mo kò sọ́jú àwọn agbábọ́ọ̀lù kan
yor_0003_topic,entertainment
yor_0003_headline,Portable Brother: Wo ohun tó yẹ kí o mọ̀ nípa àwọn òṣèré tó ń kọrin ní Eko
yor_0004_topic,entertainment
yor_0004_headline,Funmi Awwole: Wo ohun tó yẹ kí o mọ̀ nípa àwọn òṣèré tíátà tó ń ṣe fún mi
yor_0005_topic,entertainment
yor_0005_headline,Taiwo Ogogo: Wo ohun tí mo fi rù ara mi ní ọdún 2013
yor_0006_topic,entertainment
yor_0006_headline,Ebenezer Obey Fabiyi: Wo ohun tó yẹ kí o mọ̀ nípa àwọn òṣèré tíátà Yorùbá
yor_0007_topic,entertainment
yor_0007_headline,Lizzy Anjorin: EsaboD ní kí Lizzy Ojorin sọ ohun tó yẹ kí o mọ̀ nípa àwọn ọmọ ọkọ rẹ̀
yor_0008_topic,entertainment
yor_0008_headline,Dejo Tunfulu: Wo ohun tó yẹ kí o mọ̀ nípa di òṣèré tó ń fi omi epè
yor_0009_topic,entertainment
yor_0009_headline,Ramadan: Ọlọ́run ni mo ti fi iṣẹ́ Waka rèé
yor_0010_topic,entertainment
yor_0010_headline,Iyabo Ojo: Ọlọ́run ni àwọn agbágbajà òṣèré tíátà Yorùbá rèé
yor_0011_topic,entertainment
yor_0011_headline,Danilọla Ajayi: Wo ohun tó yẹ kí mo fi fèsì sí orin Fẹla Anikilapo Kuti
yor_0012_topic,entertainment
yor_0012_headline,DJ Kulet: Wo ohun tó yẹ kí o mọ̀ nípa di DJ Kulev
yor_0013_topic,health
yor_0013_headline,Kemi Afolabi Adesike: Wo àwọn ohun tó yẹ kí o mọ̀ nípa àrùn Covid-19
yor_0014_topic,entertainment
yor_0014_headline,Toyin Asewo: Wo ohun tó yẹ kí o mọ̀ nípa ọmọ mi
yor_0015_topic,entertainment
yor_0015_headline,Mr Macaroni: Wo ohun márùn-ún tó yẹ kí o mọ̀ nípa mi
yor_0016_topic,entertainment
yor_0016_headline,Yewole Adekoya: Wo àwọn òṣèré tíátà tó ń mọ̀ nípa ìyàwó rẹ̀
yor_0017_topic,entertainment
yor_0017_headline,Bobrisky: Wo àwọn ohun tó yẹ kí o mọ̀ nípa ìpapọ̀ ọdún Bobrisky
yor_0018_topic,entertainment
yor_0018_headline,Baba Suwe: Wo àwọn òṣèré tíátà Yorùbá tó ń mọ̀ nípa bàbá rẹ̀
yor_0019_topic,entertainment
yor_0019_headline,Tekno: Ọlọ́run ní àwọn akọrin tasufe tó ń jà sí ìhòhò láti gbajúgbaja akọrin
yor_0020_topic,entertainment
yor_0020_headline,Mama Ereko: Wo ohun tó yẹ kí o mọ̀ nípa àwọn òṣèré tíátà tó gba orí ayélujára
yor_0021_topic,entertainment
yor_0021_headline,Peter Okoye: Wo ohun tó yẹ kí o mọ̀ nípa àwọn òṣèré tíátà
yor_0022_topic,entertainment
yor_0022_headline,Damola Olayinka: Ọlọ́pàá ti fèsì sí da àwọn ọlọ́pàá ní ìpínlẹ̀ Eko
yor_0023_topic,entertainment
yor_0023_headline,Samuel Olasehinde: Wo àwọn òṣèré tíátà mẹ́fà tó sùn s'ẹ́gbẹ́ ọkọ rẹ̀
yor_0024_topic,health
yor_0024_headline,Covid-19: Wo ohun tó yẹ kí o mọ̀ nípa àrùn jẹjẹrẹ ara
yor_0025_topic,entertainment
yor_0025_headline,Taye Currency: Àwọn òṣèré tíátà Fuji ti jáde láyé
yor_0026_topic,entertainment
yor_0026_headline,Muyi Ademola: Wo àwọn agbábọ́ọ̀lù tí wọ́n fi fèsì sí mi
yor_0027_topic,entertainment
yor_0027_headline,Nkechi Blessing: Wo ohun tó yẹ kí o mọ̀ nípa àwọn òṣèré tó ṣe ìgbéyàwó
yor_0028_topic,entertainment
yor_0028_headline,Kashy Godson: Wo àwọn ohun tó yẹ kí o mọ̀ nípa ikú Kashy
yor_0029_topic,entertainment
yor_0029_headline,Bobrisky: Wo ohun tó yẹ kí o mọ̀ nípa Bobrisky
yor_0030_topic,entertainment
yor_0030_headline,Saheed Osu: Wo ohun tó yẹ kí o mọ̀ nípa àwọn ọmọ tí mo fi ní ilé
yor_0031_topic,entertainment
yor_0031_headline,Nollywood 2023: Wo àwọn òṣèré tí wọ́n fi ẹ̀mí wọn lélẹ̀
yor_0032_topic,entertainment
yor_0032_headline,Laide Bakare: Wo àwọn òṣèré tíátà tó ń fèsì ní Eko
yor_0033_topic,entertainment
yor_0033_headline,"Olajide Kareem: Ilé ẹjọ́ kéde ẹ̀sùn tí ọlọ́pàá fi kan agbábọ́ọ̀lù N39,5550,000"
yor_0034_topic,entertainment
yor_0034_headline,2021 Film: Àwọn òṣèré tíátà ń fi ẹ̀sùn ìbálòpọ̀ ní Nàìjíríà
yor_0035_topic,entertainment
yor_0035_headline,Laide Bakare àti Kemi Afolabi: Wo ohun tó yẹ kí o mọ̀ nípa mi
yor_0036_topic,entertainment
yor_0036_headline,Naira Marley: Ẹgbẹ́ EFCC sọ pé Naira Marley fi ọ̀nà ẹburu lu aṣọ owó àwọn èèyàn
yor_0037_topic,entertainment
yor_0037_headline,Adunni Ade: Ẹgbẹ́ òṣèré tíátà ni mo fi ìbálòpọ̀ fún mi
yor_0038_topic,entertainment
yor_0038_headline,Kemi Afolabi: Wo ohun tó yẹ kí o mọ̀ nípa àwọn obìnrin tó figbe ta
yor_0039_topic,entertainment
yor_0039_headline,Lateef Adedimeji and Bimpe Oyebade: Wo ohun tó yẹ kí o mọ̀ nípa ìbálòpọ̀ ọmọbade
yor_0040_topic,entertainment
yor_0040_headline,AMVCA 2021: Agbábọ́ọ̀lù mẹ́ta ní Nàìjíríà yóò gba àmì ẹ̀yẹ TAMVCA
yor_0041_topic,entertainment
yor_0041_headline,Tope Alabi: Àwọn òṣèré tíátà ń kọrin ẹ̀mí
yor_0042_topic,entertainment
yor_0042_headline,Genevieve Nnaji: Wo ohun tó yẹ kí obìnrin ṣe fún Ibalapọ̀
yor_0043_topic,entertainment
yor_0043_headline,Agbá òṣèré tó yẹ kí Nàìjíríà mọ̀ nípa àwọn agbábọ́ọ̀lù tí kò yẹ kí ìjọba rèé
yor_0044_topic,entertainment
yor_0044_headline,Baba Ijesha: Yomi Fabiyi sọ ohun tó yẹ kí Baba Ijesa lẹ́nu
yor_0045_topic,entertainment
yor_0045_headline,Mike Ezuruoke: Wo àwọn òṣèré tíátà mẹ́rin tó ń jà fún Kunle Afolayan
yor_0046_topic,entertainment
yor_0046_headline,Naira Marley: Ọlọ́run ló ń yọ orin Naira Marley kúrò ní 'Headies Awards
yor_0047_topic,entertainment
yor_0047_headline,"D'banj, Simi, Simi àti Simi ní mo fi àìsàn rèé - D'Baj"
yor_0048_topic,entertainment
yor_0048_headline,Mùsùlùlope Olayiwola: Wo ohun tó yẹ kí o mọ̀ nípa ìdí tí mo fi di agbábọ́ọ̀ka
yor_0049_topic,entertainment
yor_0049_headline,Baba Ijesha: Ilé ẹjọ́ rèé lórí ẹ̀sùn aṣemaṣe
yor_0050_topic,entertainment
yor_0050_headline,BBNaija 2021: Pásítọ̀ Adeboye sọ ìdí tí ó fi ṣe àgbéléwò ilé Ẹlẹ́gbọ̀n-àgbà
yor_0051_topic,entertainment
yor_0051_headline,Lizzy Anjorin: Wo àwọn ọmọ Yorùbá tó ń jà fún
yor_0052_topic,entertainment
yor_0052_headline,Lady Peller: Wo àwọn ohun tó yẹ kí o mọ̀ nípa ọdún 2019
yor_0053_topic,entertainment
yor_0053_headline,Funke Akindele: Gómìnà Sanwo-Olu kéde fún Funko Akindele àti ọkọ rẹ̀ sílẹ̀
yor_0054_topic,entertainment
yor_0054_headline,"Esabod: Esabodein, Esther Aboderin àti Lizzy Anjorin sọ ohun tó yẹ kí àwọn òṣèré ṣe rèé"
yor_0055_topic,entertainment
yor_0055_headline,Odunlade Adekola: Wo àwọn òṣèré tíátà Yorùbá tó bá ọmọ abẹ rẹ̀ ní ìbálòpọ̀ - Adenike Hamzah
yor_0056_topic,entertainment
yor_0056_headline,"N250, 000 naira: Nkechi Blessing rèé"
yor_0057_topic,entertainment
yor_0057_headline,Femi Branch: Ẹgbẹ́ òṣèré tíátà Benin fi fèsì fún Bobrisky
yor_0058_topic,entertainment
yor_0058_headline,Sheboy: Wo àwọn òṣèré tíátà tó ń figbe ta rèé
yor_0059_topic,entertainment
yor_0059_headline,Baba 70: Wo àwọn agbábọ́ọ̀lù tó ń fi rèé
yor_0060_topic,entertainment
yor_0060_headline,Oniduro Mi: Tope Alabi àti Akinade ní mo fi ẹ̀yẹ orin 'Oniduro' rèé
yor_0061_topic,entertainment
yor_0061_headline,Ọba Adeyoye Ogunwusi: Ọlọ́run ni àwọn obìnrin tó ń fi ara wọn sílẹ̀
yor_0062_topic,entertainment
yor_0062_headline,Charles Olumo Agbako: Wo àwọn ohun tó yẹ kí o mọ̀ nípa ìdí tí a fò ń fi ṣe
yor_0063_topic,entertainment
yor_0063_headline,Yomi Fabiyi: Ẹgbẹ́ TAMPAN ní mo kò mọ̀ pé àwọn ni mo ti mọ̀ nípa orin Oko Iyabo Iyabo
yor_0064_topic,entertainment
yor_0064_headline,Wasiu Alabi Pasuma: Àwọn agbábọ́ọ̀lù Fuji sọ ohun tó yẹ kí Pásítọ̀ Pasuma ṣe
yor_0065_topic,entertainment
yor_0065_headline,Samuel Ateefbi: Wo àwọn òṣèré tíátà tó ń rèé lẹ́yìn ikú Deborah Samuel
yor_0066_topic,entertainment
yor_0066_headline,Toyin Aimaku Abraham: Wo àwọn òṣèré tíátà tó kéde lórí ayélujára
yor_0067_topic,entertainment
yor_0067_headline,Isho Pepe: Ẹgbẹ́ òṣèré tíátà Yorùbá rèé
yor_0068_topic,entertainment
yor_0068_headline,"Toyin Abraham: Wo ohun tó yẹ kí o mọ̀ nípa ìyàwó mi, Kolawole Ajeyemi"
yor_0069_topic,entertainment
yor_0069_headline,Wo àwọn òṣèré tíátà tó ń fèsì fún wọn
yor_0070_topic,entertainment
yor_0070_headline,Banky W àti ìyàwó rẹ̀ ti bí ọmọ tuntun rèé
yor_0071_topic,entertainment
yor_0071_headline,TAMPAN 2023: Àwọn ṣèn fi ara s̀ẹ́n àbi ẹ̀tín rèé - TAMPAN
yor_0072_topic,entertainment
yor_0072_headline,Ayinla Omowura: Wo àwọn òṣèré tó kú láyé ní 2020
yor_0073_topic,entertainment
yor_0073_headline,Adebimpe Oyebade: Wo àwọn òṣèré tíátà tó ń fi ipò agbábọ́ọ̀lù rèé
yor_0074_topic,entertainment
yor_0074_headline,D'banj: Ọlọ́run ní àwọn tó ń gba ẹ̀yẹ rèé lórí ìpolongo N-Power
yor_0075_topic,entertainment
yor_0075_headline,"Chioma: Wo àwọn ohun tó yẹ kí o mọ̀ nípa Davido, Chioma"
yor_0076_topic,entertainment
yor_0076_headline,Iyabo Oko: Ẹgbẹ́ òṣèré tíátà ní ìjà rèé
yor_0077_topic,entertainment
yor_0077_headline,Temitope Olayemi: Wo ohun tó yẹ kí o mọ̀ nípa àwọn òṣèré tó ń kọrin
yor_0078_topic,religion
yor_0078_headline,2020 Christmas: Wo àwọn ohun tó yẹ kí o mọ̀ nípa ọdún Keresimesi
yor_0079_topic,entertainment
yor_0079_headline,Yinka Ayefele: Ọlọ́run ní mo ti mọ̀ pé àwọn ọlọ́pàá ń pa mi
yor_0080_topic,entertainment
yor_0080_headline,Whitemoney: Wo ohun tó yẹ kí o mọ̀ nípa àwọn òṣèré BBNaija 2015
yor_0081_topic,entertainment
yor_0081_headline,Wo àwọn ọmọ tó ń kọrin ní 2019
yor_0082_topic,entertainment
yor_0082_headline,C. Dwiboman: Ẹgbẹ́ òṣèré tíátà rèé lórí ẹ̀yẹ 50th Nàíjíríà
yor_0083_topic,entertainment
yor_0083_headline,Sola Allyson: Wo ohun tó yẹ kí o mọ̀ nípa Oniduro mi
yor_0084_topic,entertainment
yor_0084_headline,Mike Abdul: Wo àwọn ǹkan márùn-ún tó yẹ kí o mọ̀ nípa Tope Alabi
yor_0085_topic,entertainment
yor_0085_headline,Baba Ijesha: Iyabo Ojo ní àwọn òṣèré tíátà tó bá ọmọ ọdún mẹ́ta ṣe agbábọ́ọ̀lù rèé
yor_0086_topic,entertainment
yor_0086_headline,David Marley: Àwọn ọmọ ẹgbẹ́ agbábọ́ọ̀lù Nàìjíríà ń kéde orúkọ rẹ̀ lórí Twitter
yor_0087_topic,entertainment
yor_0087_headline,Toyin Abraham: Ẹgbẹ́ òṣèré tíátà tó bá ní owó rèé
yor_0088_topic,entertainment
yor_0088_headline,"Bob Brown Jr: Bobbi Kristina Brown ní ọdún 2015, ọmọ rẹ̀ tó jáde láyé"
yor_0089_topic,entertainment
yor_0089_headline,Wo ohun tó yẹ kí o mọ̀ nípa ìdí tí mo fi yọ lọ́wọ́ ikú mi
yor_0090_topic,entertainment
yor_0090_headline,Wo ohun tó yẹ kí Ọba Oniobiola ṣe fún Portable
yor_0091_topic,entertainment
yor_0091_headline,Abija: Ẹgbẹ́ òṣèré tíátà ni mo ti di ọ̀pa Aje
yor_0092_topic,entertainment
yor_0092_headline,"Naira Marley: Wo àwọn èèyàn tó ń mọ̀ nípa Naira Marley, Lizzy Anjorin"
yor_0093_topic,entertainment
yor_0093_headline,Ron Joshua: Wo àwọn obìnrin mẹ́rin tí wọ́n ṣe ẹ̀sùn ìfipaba obìnrin mẹ́ta l'Osun
yor_0094_topic,entertainment
yor_0094_headline,Tope Alabi: Àwọn ilé-iṣẹ́ ìkankan tí wọ́n gbé orin 'My Angel' ní Nàìjíríà
yor_0095_topic,entertainment
yor_0095_headline,Oluremi Akinla Samuel: Ọlọ́run ni mo ń ṣe iṣẹ́ alága
yor_0096_topic,entertainment
yor_0096_headline,Zlatan Ibile: Wo àwọn orin tuntun tó ń fèsì ní 2019
yor_0097_topic,entertainment
yor_0097_headline,"Burundi: Akọrin 10 tó pa ara rẹ̀ ní ilẹ̀ Burundi, àtàwọn agbábọ́ọ̀lù rèé"
yor_0098_topic,entertainment
yor_0098_headline,Ebenezer Obey Fabiyi: Ẹgbẹ́ òṣèré tíátà ń ṣe iṣẹ́ orin tó ń fèsì
yor_0099_topic,entertainment
yor_0099_headline,Wo ohun tó yẹ kí o mọ̀ nípa àwọn òṣèré tíátà Fuji
yor_0100_topic,entertainment
yor_0100_headline,Tiwa Savage: Wo àwọn òṣèré tíátà tó ń mọ̀ nípa ìhòhò rẹ̀
yor_0101_topic,health
yor_0101_headline,Covid-19: Wo ohun tó yẹ kí o mọ̀ nípa abẹ́rẹ́ ajẹsára fún ọmọ rẹ̀
yor_0102_topic,health
yor_0102_headline,TB UCH: Ẹ̀yinjú UCH ní ìtọ́run tó ń rèé lórí ẹ̀yẹ UCH lọ́dún 19
yor_0103_topic,health
yor_0103_headline,Funmilayo Oludar: Ọlọ́run mẹ́rin ni ìyàwó rẹ̀ ti bí ọmọ márùn-ún
yor_0104_topic,entertainment
yor_0104_headline,Wo ohun tó yẹ kí o mọ̀ nípa orin ìfẹ́ tó ń kọ́
yor_0105_topic,health
yor_0105_headline,Covid-19 Vaccine: Àwọn abẹ́rẹ́ ajẹsára àjẹsàrùn coronavirus ní Amurka rèé
yor_0106_topic,health
yor_0106_headline,Eledua: Wo àwọn ọmọ mẹ́wàá tí wọ́n fi ta ọmọ mẹ́sàn-ún rèé
yor_0107_topic,entertainment
yor_0107_headline,Jonathan Olakunle Olanlabin Oru: Wo ohun tó yẹ kí mo mọ̀ nípa àwọn alantakun mi
yor_0108_topic,health
yor_0108_headline,Babawole: Wo ohun tó yẹ kí o mọ̀ nípa ìgbẹ́jọ́ rẹ̀
yor_0109_topic,health
yor_0109_headline,"Coronavirus: Àwọn ọmọ Nàìjíríà tó ra òṣìṣẹ́ Apples,pes, Peres, Pápápa àti àwọn ohun tó yẹ kí o mọ̀ nípa ọjọ́ tí wọ́n fi ṣe"
yor_0110_topic,entertainment
yor_0110_headline,Coronavirus: Àyọ̀wò tó lùgbàdì ààrùn Covid-19 ní India
yor_0111_topic,health
yor_0111_headline,Coronavirus: Wo àwọn ohun tó yẹ kí o mọ̀ nípa ìwọ́de tó ń pa ara rẹ
yor_0112_topic,health
yor_0112_headline,Mutomi Njuki: Ẹgbẹ́ àìsàn tó ń gba owó oṣù rèé
yor_0113_topic,entertainment
yor_0113_headline,Wo àwọn ọmọ tó ń tọrọ owó fún ìyá àgbà
yor_0114_topic,health
yor_0114_headline,Coronavirus in Nigeria: Msítà ìlera ní Nàìjíríà sọ pé àwọn agbábọ́ọ̀lù tó ń fa coronavirus
yor_0115_topic,health
yor_0115_headline,Yemi Osinbajo: Àwọn agbábọ́ọ̀lù tó ń ṣiṣẹ abẹ ní ìpínlẹ̀ Eko
yor_0116_topic,health
yor_0116_headline,Coronavirus in Nigeria: Wo àwọn ohun tó yẹ kí o mọ̀ nípa àrùn coronavirus
yor_0117_topic,health
yor_0117_headline,Wo àwọn ohun tí mo fi ń ṣe abẹ ojú ara obìnrin láàyò rèé
yor_0118_topic,health
yor_0118_headline,Wo ohun tó yẹ kí o mọ̀ nípa àwọn ọmọ Yorùbá tó ń fi ìlera rẹ̀ rèé
yor_0119_topic,health
yor_0119_headline,Covid-19 Vaccine: Àwọn abẹ́rẹ́ ajẹsára Covid 19 ń ṣe
yor_0120_topic,health
yor_0120_headline,Coronavirus in Africa: Wo ohun tó yẹ kí o mọ̀ nípa àrùn Coronavirus
yor_0121_topic,health
yor_0121_headline,Covid-19: Wo àwọn ohun tó yẹ kí o mọ̀ nípa àrùn Coronavirus
yor_0122_topic,health
yor_0122_headline,Covid-19 in Africa: Wo àwọn ohun tó yẹ kí obìnrin fi mọ̀ nípa ìfètòọ́mọbi
yor_0123_topic,health
yor_0123_headline,Monkey Pox in Nigeria: WHO fi ìpolongo àpapọ̀ lórí àrùn Monkeypox
yor_0124_topic,health
yor_0124_headline,Wo àwọn ohun tó yẹ kí o mọ̀ nípa ìdí tí àwọn obìnrin ń ṣe fún ìpolongo àìsàn jẹjẹrẹ ọyan
yor_0125_topic,health
yor_0125_headline,Covid-19: Àwọn agunbanrọ 500 ní ìpínlẹ̀ Gombe ní àwọn agunbarọ 2019 ń gùndí àrùn Coronavirus
yor_0126_topic,health
yor_0126_headline,Wo àwọn ohun tó yẹ kí o mọ̀ nípa ìdí tí àwọn ọmọ Naijiria fi ń ṣe ní London
yor_0127_topic,health
yor_0127_headline,Covid-19: Wo àwọn ohun tó yẹ kí o mọ̀ nípa àrùn Covid 19
yor_0128_topic,health
yor_0128_headline,Coronavirus in Nigeria: Wo àwọn ohun tó yẹ kí o mọ̀ nípa ìdí tí o lè fi mọ̀ pé o ti ń jà
yor_0129_topic,health
yor_0129_headline,Nigeria 2021: Wo àwọn ohun tó yẹ kí o mọ̀ nípa ìdí tí ìjọba Naijiria fi ṣe ní Nàìjíríà
yor_0130_topic,health
yor_0130_headline,"Olọ́run kò gbóògùn, kò mọ̀ pé ó ní àìsàn tí kò gbòògùn"
yor_0131_topic,health
yor_0131_headline,ọdún 2021: Wo àwọn ohun tó yẹ kí o mọ̀ nípa oṣù Kúnla
yor_0132_topic,health
yor_0132_headline,Abẹ́rẹ́ àjẹsára tio mọ̀ pé àwọn ọmọ ilẹ̀ China fi ara mọ abẹ́rẹ́ ajẹ́sára
yor_0133_topic,health
yor_0133_headline,Kaun Nàíjíríà àti àwọn ohun tí a ń fi kaun ṣe ní ẹ̀gbẹ́ ara rẹ̀
yor_0134_topic,health
yor_0134_headline,Coronavirus in Nigeria: Àwọn ọmọ Nàìjíríà ti fi ẹ̀mí rẹ̀ lélẹ̀ lórí àrùn Ebola
yor_0135_topic,health
yor_0135_headline,UID: Àwọn dókítà mẹ́rindílọ́rin tí wọ́n fi ń ṣe iṣẹ́ abẹ
yor_0136_topic,health
yor_0136_headline,Vaginas: Àwọn ohun mẹ́rin tó yẹ kí obìnrin mọ̀ nípa ìbálòògùn
yor_0137_topic,health
yor_0137_headline,Wo ohun tó yẹ kí o mọ̀ nípa ohun tí wọ́n fi s'ínrin fún ọmọ ọdún 19
yor_0138_topic,health
yor_0138_headline,Covid-19 in Russia: Ààrẹ Putin ní òògùn 'Spusnic' rèé
yor_0139_topic,health
yor_0139_headline,Covid-19: Wo àwọn ohun tó yẹ kí ọmọ tuntun ṣe fún ọmọ tuntun
yor_0140_topic,health
yor_0140_headline,Monkey Pox: Wo ohun tó yẹ kí o mọ̀ nípa àrùn Monkeypox
yor_0141_topic,health
yor_0141_headline,Wo àwọn oníṣẹ́ abẹ tó fi àìsàn ní Eko
yor_0142_topic,health
yor_0142_headline,Covid-19: Àwọn ọmọ Nàìjíríà mẹ́wàá tó ń rìnàjò wa sí Canada
yor_0143_topic,health
yor_0143_headline,Coronavirus in Nigeria: Wo ohun tó yẹ kí o mọ̀ nípa majije oúnjẹ
yor_0144_topic,health
yor_0144_headline,"Covid-19 in Nigeria: Àwọn kọ̀níṣọ̀n tí ikọ̀ PFF fi lélẹ̀ àpapọ̀ láti UK, South Africa, UK àti South Africa"
yor_0145_topic,health
yor_0145_headline,NAFDAC: Ẹgbẹ́ NAFDAC sọ pé àwọn agbábọ́ọ̀lù tó ń fèsì ní Nàìjíríà - NAFDAC
yor_0146_topic,health
yor_0146_headline,Covid-19 in Nigeria: Ìjọba kéde òfin konilé tó fi sílé fún coronavirus
yor_0147_topic,health
yor_0147_headline,"Covid-19: Àwọn ohun tó yẹ kí o mọ̀ nípa Vitamin D, vitamin D, Vitamin D àti Vitamin D"
yor_0148_topic,health
yor_0148_headline,Covid-19: Àwọn orílẹ̀èdè mẹ́rin tó ń mọ̀ nípa àwọn ọmọ Nàìjíríà tó ń kú
yor_0149_topic,health
yor_0149_headline,Wo ohun tó yẹ kí o mọ̀ nípa ìyanṣẹ́lódì tí FC Owo ń ṣe fún Resident Doctors láti 2019
yor_0150_topic,health
yor_0150_headline,Covid-19 in Nigeria: Àwọn ọmọ ẹgbẹ́ Dókítà tó ń mọ̀ nípa ìjànṣẹ́lódì tí ìjọba àpapọ̀ ṣe
yor_0151_topic,health
yor_0151_headline,Covid-19 in Nigeria: Wo àwọn ohun tó yẹ kí o mọ̀ nípa àrùn Covid 19
yor_0152_topic,health
yor_0152_headline,Nnamdi Nnaji: Àwọn ọmọ tó ń mọ̀ pé kí àwọn obìnrin ṣe bàbá wọn
yor_0153_topic,health
yor_0153_headline,Faiza: Ọlọ́run ni ìpènijà òòògùn fún ọmọ mi ní ọdún 2019
yor_0154_topic,religion
yor_0154_headline,"Coronavirus in Nigeria: Ìjọba ìpínlẹ̀ Eko ti gba àwọn ọmọ ìjọ tó bá ní 50,000 ní ilé ìjọ wọn"
yor_0155_topic,health
yor_0155_headline,Uganda: Wo ohun tó yẹ kí o mọ̀ nípa oúnjẹ jijẹ
yor_0156_topic,religion
yor_0156_headline,Coronavirus in Nigeria: Àwọn ọmọ ìjọ kò ní àrùn Covid-19
yor_0157_topic,health
yor_0157_headline,Wo àwọn ohun tó yẹ kí o mọ̀ nípa àìsàn tọ̀ sùga
yor_0158_topic,politics
yor_0158_headline,Ibrahim Mantu: Ẹgbẹ́ òṣèlú PDP ní kò mọ̀ nípa Ibrahim Maitu
yor_0159_topic,health
yor_0159_headline,Coronavirus in Nigeria: Àwọn ọmọ Nàìjíríà ti fèsì fún àwọn ọmọ Nàìjíríà
yor_0160_topic,health
yor_0160_headline,Sex Day: Wo ohun tó yẹ kí o mọ̀ nípa ìbálòpọ̀ tí o lè fi ṣe
yor_0161_topic,health
yor_0161_headline,Covid-19: Àwọn agunbanrọ ń sinrulu rèé
yor_0162_topic,health
yor_0162_headline,Covid-19: Ìjọba Eko ní àpapọ̀ ló ń mọ̀ nípa ìpolongo coronavirus
yor_0163_topic,health
yor_0163_headline,Covid-19: Ìjọba South Africa àti China ní àwọn abẹ́rẹ́ àjẹsára Covid 19
yor_0164_topic,health
yor_0164_headline,Nigeria 2021: Wo ohun tó yẹ kí o san lórí owó oṣù mi ní Nàìjíríà
yor_0165_topic,health
yor_0165_headline,Ọbabìnrin Elizabeth II: Wo ohun tó yẹ kí o mọ̀ nípa ìtọ́jú Ọba Sarauniya Elizabeth II
yor_0166_topic,health
yor_0166_headline,Coronavirus in Nigeria: Ọlọ́run tó ń gbalẹ̀ lórí àrùn Coronavirus
yor_0167_topic,health
yor_0167_headline,"Coronavirus in Nigeria: Àwọn ọmọ Nàìjíríà 11,000 tó ń gùndí àrùn Monkeypox"
yor_0168_topic,entertainment
yor_0168_headline,Wo àwọn ohun tó yẹ kí o mọ̀ nípa ikú Olabibi tó jáde láyé
yor_0169_topic,health
yor_0169_headline,Covid-19: Ìjọba Nàìjíríà kéde pé abẹ́rẹ́ àjẹsára Covid 19 yóò de sí Nàìjíríà
yor_0170_topic,entertainment
yor_0170_headline,K1: Toyin Abraham fi ara rẹ̀ mọ̀ nípa Covid-19
yor_0171_topic,health
yor_0171_headline,Covid-19 in Nigeria: Ọkùnrin tó ń bá àìsàn kògbóògùn HIV finra ní ọdún 1988
yor_0172_topic,health
yor_0172_headline,"Coronavirus in Nigeria: Wo àwọn tó ń pa àwọn èèyàn 10,000 ní Nàìjíríà"
yor_0173_topic,health
yor_0173_headline,Wo àwọn ọmọ Nàìjíríà tó gbẹ̀mi ara rẹ̀ lọ́dún 4020
yor_0174_topic,health
yor_0174_headline,Coronavirus in Africa: Wo àwọn ohun tó yẹ kí o mọ̀ nípa àrùn Coronavirus
yor_0175_topic,religion
yor_0175_headline,Covid-19: Àwọn ohun tó yẹ kí ìjọba mọ̀ nípa àrùn Coronavirus
yor_0176_topic,health
yor_0176_headline,Ondo: Wo ohun tó yẹ kí o mọ̀ nípa àwọn agbábọ́ọ̀lù tó ń jà ní Ondo
yor_0177_topic,health
yor_0177_headline,Tessica Brown: Wo àwọn ohun tó yẹ kí o mọ̀ nípa 'gorilla glue
yor_0178_topic,health
yor_0178_headline,Health Day: Àwọn ohun tó yẹ kí o mọ̀ nípa oúnjẹ jijẹ
yor_0179_topic,health
yor_0179_headline,Covid-19 Vaccine: Wo àwọn ọmọ Nàìjíríà tó ń wárí fún àbẹ́rẹ́ àjẹsára Covid 19
yor_0180_topic,health
yor_0180_headline,Terhemen Angozo: Ọlọ́run ni mo ti yọ kórópọ̀n rẹ̀ méjì
yor_0181_topic,politics
yor_0181_headline,Ademola Adeleke: Ẹgbẹ́ òṣèlú PDP ní àwọn ohun tó yẹ kí mo fi mọ̀ nípa ìpolongo ìbò 2023
yor_0182_topic,politics
yor_0182_headline,Oyo Governorship Court: Ilé ẹjọ́ rèé lórí ìgbẹ́jọ́ Makinde ní ìpínlẹ̀ Oyo
yor_0183_topic,politics
yor_0183_headline,Atiku: Atiku ní òun yóò gbé ìgbésẹ̀ akin láti kojú ìpènijà ààrẹ Nàìjíríà
yor_0184_topic,politics
yor_0184_headline,Yomi Aliu: Agbẹjọ́rò Igboho sọ pé ìjọba ti san owó fún Igboho
yor_0185_topic,politics
yor_0185_headline,Dino Melaye: Agbábọ́ọ̀lù PDP ní Kogi rèé
yor_0186_topic,politics
yor_0186_headline,Bola Tinubu: Ẹgbẹ́ òṣèlú APC ní mo kéde Kashim Shettima gẹ́gẹ́ bí olùdíje Ààrẹ
yor_0187_topic,religion
yor_0187_headline,2023 Election: Àwọn ọmọ ìjọ CAN ní àtàwọn agbábọ́ọ̀lù tó ń fèsì fún ìdìbò ààrẹ Nàìjíríà
yor_0188_topic,politics
yor_0188_headline,Ondo Governorship Election 2023: Gómìnà Akeredolu ní àwọn gómìnà tó wà nínú ẹgbẹ́ òṣèlú APC
yor_0189_topic,politics
yor_0189_headline,2022 Election: Dìbò abẹ́nú ní ìpínlẹ̀ Kogi rèé - Dino Melaye
yor_0190_topic,politics
yor_0190_headline,2023 Elections: Ẹgbẹ́ APC ní ààrẹ Nàìjíríà fi kéde ìbò
yor_0191_topic,politics
yor_0191_headline,Afenifere 2023: Ẹgbẹ́ Afenifere kéde ìdíje òṣèlú sílẹ̀ fún Sunday Igboho
yor_0192_topic,politics
yor_0192_headline,Wo ohun tó yẹ kí o mọ̀ nípa di olùdíje PDP ní ìpínlẹ̀ Osun
yor_0193_topic,entertainment
yor_0193_headline,Queen Elizabeth II: Àwọn ọmọ Nàìjíríà ní àtàwọn agbábọ́ọ̀lù tó ń mọ̀ nípa ikú rẹ̀
yor_0194_topic,politics
yor_0194_headline,Dino Melaye: Àwọn olùdíje PDP rèé lórí ohun tó yẹ kí Atiku ṣe
yor_0195_topic,politics
yor_0195_headline,Osun Election: Ẹgbẹ́ òṣèlú APC ní ìkọlù tó ń jà ní ìpínlẹ̀ Osun
yor_0196_topic,politics
yor_0196_headline,Afenifere: Ẹgbẹ́ Afenifere sọ pé àwọn agbábọ́ọ̀lù rèé lórí ohun tó ń bá ilẹ̀ Igbo
yor_0197_topic,politics
yor_0197_headline,Oluwo: Ọba Adewale ní kí Adeleke kú oríire
yor_0198_topic,politics
yor_0198_headline,Afenifere: Àwọn olùdíje sípò Ààrẹ tó ń bọ̀
yor_0199_topic,politics
yor_0199_headline,Wo ohun tó yẹ kí o mọ̀ nípa ìpolongo ìbò 2023 tó jáde láyé
yor_0200_topic,politics
yor_0200_headline,Bola Tinubu: Ẹgbẹ́ òṣèlú APC ní mo ti fèsì fún ipò gómìnà ìpínlẹ̀ Oyo
yor_0201_topic,politics
yor_0201_headline,Peter Obi: Ọmọwe Doyin Okupe sọ pé mo kọ́ fi ipò rẹ̀ sílẹ̀
yor_0202_topic,politics
yor_0202_headline,Victoria Amudoaghan: Wo ohun tó yẹ kí o mọ̀ nípa Florence Ajimobi
yor_0203_topic,politics
yor_0203_headline,Buhari sọ pé àwọn ọmọ Naijiria kò ní owó rèé - Buhari
yor_0204_topic,politics
yor_0204_headline,Iba Gani Adams: Ẹgbẹ́ Yorùbá ní kí Ààrẹ Buhari fi ìpolongo ìbò ọdún 2023
yor_0205_topic,politics
yor_0205_headline,Sunday Igboho: FFK ní àwọn ọmọ Yorùbá ń fèsì sí Sunday Igboho
yor_0206_topic,politics
yor_0206_headline,2023 Elections: INEC ní owó tí INEC ṣe fún ìbò ààrẹ Nàìjíríà
yor_0207_topic,religion
yor_0207_headline,Abbo: Wo ohun tó yẹ kí àwọn agbábọ́ọ̀lù tí wọ́n ṣe fún ìyá rẹ̀
yor_0208_topic,politics
yor_0208_headline,Ilé aṣòfin Odua ti fi ipò rẹ̀ sílẹ̀
yor_0209_topic,politics
yor_0209_headline,Buhari sọ ohun tó yẹ kí Ààrẹ Buhari ṣe lórí ẹni tí yóò mọ̀ nípa àwọn ọmọ Nàìjíríà
yor_0210_topic,politics
yor_0210_headline,INEC ṣè èwón òjọ́ àwọ̀n s̀èrẹ ẹ̀ọn 2023 - INEC
yor_0211_topic,politics
yor_0211_headline,Eko Election 2023: Gbajúmò Ọlọ́rin Banky W ní ẹgbẹ́ òṣèlú PDP ní àpapọ̀ PDP ní ìpínlẹ̀ Eko
yor_0212_topic,politics
yor_0212_headline,"2023 Election: Ẹgbẹ́ agbábọ́ọ̀lù ìpolongo ìdìbò ní Nàìjíríà, kò yẹ kí Ààrẹ Buhari ṣe ohun tó yẹ kí ìjọba Buhari fèsì"
yor_0213_topic,politics
yor_0213_headline,PDP: Ẹgbẹ́ òṣèlú APC ní ìpínlẹ̀ Ọsùn rèé
yor_0214_topic,politics
yor_0214_headline,Obasanjọ́: Ẹgbẹ́ agbábọ́ọ̀lù tó ń bá ọmọ rẹ̀ mọ̀
yor_0215_topic,politics
yor_0215_headline,Ogun Election 2019: Ibikunle Amosun sọ pé òun kò ṣe àpapọ̀ fún Dapo Abiodun
yor_0216_topic,politics
yor_0216_headline,Atiku Abubakar: Àwọn gómìnà ní Nàìjíríà ń fèsì sí àwọn gómìnà tó ń dá ìjọba àpapọ̀
yor_0217_topic,politics
yor_0217_headline,Makinde: Seyi Makinde ní mo ṣetán láti kéde aawọ́ fún PDP ní Oyo
yor_0218_topic,politics
yor_0218_headline,EFCC ti fi ìpapọ̀ fún Rochas Okorocha ní Abuja
yor_0219_topic,politics
yor_0219_headline,Sunday Igboho: Ẹgbẹ́ Miyetti Allah ní àwọn tó ń ṣelẹ̀ ní ìpínlẹ̀ Ogun
yor_0220_topic,politics
yor_0220_headline,Makinde: Àwọn gómìnà ìpínlẹ̀ Ekiti ní àpapọ̀ ní àwọn gómìnà ní ìpínlẹ̀ Ekiti rèé
yor_0221_topic,politics
yor_0221_headline,NFF: Ẹgbẹ́ NFF ní àwọn ọmọ Nàìjíríà tó ń ìbò rèé - Femi Falana
yor_0222_topic,health
yor_0222_headline,Prince Philip: Wo ohun tó yẹ kí o mọ̀ nípa àwọn ọmọba Philip
yor_0223_topic,politics
yor_0223_headline,Yoruba Nation: Ọlọ́pàá Eko ní ìwọ́dewò ọlọ́pàá ní Ojota l'Eko
yor_0224_topic,politics
yor_0224_headline,Nigeria Election 2022: Àwọn olùdíje ìbò tó ń sókè ní Nàìjíríà
yor_0225_topic,politics
yor_0225_headline,Ekiti Governorship Election 2023: Ẹgbẹ́ tó buwọ́lu Fayemi fún ìdìbò ààrẹ ìpínlẹ̀ Ekiti
yor_0226_topic,politics
yor_0226_headline,Bola Saraki: Àwọn agbábọ́ọ̀lù tí ìjọba ìpínlẹ̀ Kwara fi ọ́lẹ̀ l'Abuja
yor_0227_topic,politics
yor_0227_headline,Nigeria Governors: Àwọn gómìnà ìpínlẹ̀ mẹ́rin tó fi ẹ̀sùn rèé lórí ìṣẹ́ àti òṣì
yor_0228_topic,politics
yor_0228_headline,Oyo Election 2022: Àwọn olùdíje dupò gómìnà Oyo tó borí nínú ìdìbò abẹ́lé PDP
yor_0229_topic,politics
yor_0229_headline,Ipob 2020: Ìjọba Nàìjíríà ta àwọn ọmọ ẹgbẹ́ IPOB sílẹ̀
yor_0230_topic,politics
yor_0230_headline,Ẹgbẹ́ gómìnà rèé lórí ẹ̀sùn àwọn tó ń mọ̀ nípa ìwọ́de àwọn ọmọ ìpínlẹ̀ Ẹdun
yor_0231_topic,politics
yor_0231_headline,"Adajo Akinla Ladirin: Ilé ẹjọ́ 7,000 ní Oyo ti dajo lórí ẹ̀sùn tó ń fèsì"
yor_0232_topic,politics
yor_0232_headline,"Bola Tinubu: Ẹgbẹ́ Afenifere sọ pé àwọn ọmọ ẹgbẹ́ Afenifere ṣe buwọ́lu Tinubu, àtàwọn agbábọ́ọ̀lù rèé"
yor_0233_topic,politics
yor_0233_headline,Bola Tinubu: Ẹgbẹ́ CAN ní ìpolongo ìdìbò 2023 ní ìpínlẹ̀ Borno - Tinubu
yor_0234_topic,politics
yor_0234_headline,2023 Elections: Ààrẹ Buhari ní ọdún 50 ni yóò gba ipò àti àkósẹ́
yor_0235_topic,politics
yor_0235_headline,Oyo Governorship Election: Seyi Makinde ní mo bá mọ̀ nípa àwọn tó ń gba ipò gómìnà ìpínlẹ̀ Oyo - Seyi Makinde
yor_0236_topic,politics
yor_0236_headline,Bola Tinubu: Ọlọ́run Tinubu ní ìpínlẹ̀ Eko ní àwọn agbábọ́ọ̀lù rèé lórí ìpolongo ìbò 2023
yor_0237_topic,politics
yor_0237_headline,2023 Election: INEC kéde ọjọ́ tí ìdìbò ìbò ààrẹ àti gómìnà yóò ṣe
yor_0238_topic,politics
yor_0238_headline,Bola Tinubu: Agbábọ́ọ̀lù APC àti Tinubu ní ìpolongo ìbò rèé - Adebanjo
yor_0239_topic,politics
yor_0239_headline,Osun Election 2021: Ẹgbẹ́ òṣèlú APC ní àpapọ̀ ní ìpínlẹ̀ Osun
yor_0240_topic,politics
yor_0240_headline,Oyo Governorship Election 2019: Ẹgbẹ́ òṣèlú APC kò bá àpapọ̀ ní ìpínlẹ̀ Oyo
yor_0241_topic,politics
yor_0241_headline,Seyi Makinde: Seyi Makinde ní àwọn tó ń ṣe ìjọba ìpínlẹ̀ Oyo láti 2019
yor_0242_topic,politics
yor_0242_headline,Olabijuwonlo: Wo àwọn ohun tó yẹ kí o mọ̀ nípa ìdí tí mo fi ti di gómìnà ìpínlẹ̀ Oyo
yor_0243_topic,politics
yor_0243_headline,Ondo Election 2021: Ààrẹ Buhari ní kí Akeredolu ṣe ìjànsípò gómìnà ní Ondo
yor_0244_topic,politics
yor_0244_headline,Atiku: Ẹgbẹ́ òṣèlú PDP ní òun kò ní ẹjọ́ àpapọ̀
yor_0245_topic,politics
yor_0245_headline,Olaniyi Ben Agboola: Wo àwọn tó ń díje fún ipò gómìnà Ekiti 2022
yor_0246_topic,politics
yor_0246_headline,Peter Obi: Ẹgbẹ́ PDP àti PDP sọ pé kí àwọn èèyàn díje fún ẹgbẹ́ òṣèlú APC
yor_0247_topic,politics
yor_0247_headline,Ekiti Election 2021: Ẹ̀gbẹ́ ADC ní àpapọ̀ ní ìpínlẹ̀ Ekiti
yor_0248_topic,politics
yor_0248_headline,"Bola Tinubu, Tinubu àti àwọn ojide yóò kópa nínú ìpolongo ìbò 2023"
yor_0249_topic,politics
yor_0249_headline,Douye Diri: Ilé ẹjọ́ bẹ́rẹ́ fún Douyediri gẹ́gẹ́ bí gómìnà ìpínlẹ̀ Bayelsa
yor_0250_topic,politics
yor_0250_headline,Osun Election 2023: Àwọn ọmọ ẹgbẹ́ òṣèlú APC ní ìpínlẹ̀ Osun ní ìpolongo ìdìbò ààrẹ ní Osun
yor_0251_topic,politics
yor_0251_headline,"PDP, Atiku, Atiku àti Atiku: Àwọn ọmọ ẹgbẹ́ òṣèlú PDP ti bu ẹnu atẹ́ lu àpapọ̀ ní Nàìjíríà"
yor_0252_topic,politics
yor_0252_headline,Ondo Governorship Election 2019: Segun Miko ní àtàwọn gómìnà ìpínlẹ̀ Ondo ti fèsì mọ́ PDP
yor_0253_topic,politics
yor_0253_headline,Ekiti Governorship Election 2021: Adeyinka Ali sọ pé òun yóò ṣe àwọn ohun tó yẹ kí a ṣe fún àwọn ọmọ ìpínlẹ̀ Ekiti
yor_0254_topic,politics
yor_0254_headline,Nigeria Election 2019: Babatunde Bakare ní ààrẹ Nàìjíríà yóò ṣe fún àwọn agbábọ́ọ̀lù tó ń fèsì
yor_0255_topic,politics
yor_0255_headline,Ekiti Election 2021: Èèsì ìdìbò gómìnà ìpínlẹ̀ Ekiti ní Ekiti yóò rèé - INEC
yor_0256_topic,politics
yor_0256_headline,APC: Ẹgbẹ́ INEC sọ pé ìjọba àjẹbanu rèé lórí ẹ̀sùn ìwọ́de ìlú Kumo
yor_0257_topic,politics
yor_0257_headline,Anambra Election 2021: Àwọn agbábọ́ọ̀lù tó ń gbalẹ̀ ní Anambra
yor_0258_topic,politics
yor_0258_headline,Muhammadu Buhari: Ààrẹ Buhari sọ pé ìjọba kò ní sinmi - Buhari
yor_0259_topic,politics
yor_0259_headline,Jaylin Smith: Àwọn ọmọ Nàìjíríà tó fèsì bí olùdíje àpapọ̀ ní ilẹ̀ Amurka
yor_0260_topic,politics
yor_0260_headline,"Olusegun Obasanjo: Ẹ̀wọ́n ṣébì àbạ̀wón ọn 2023, mo kò ní ìbò"
yor_0261_topic,politics
yor_0261_headline,2020 EndSARS: Àwọn agbábọ́ọ̀lù tó ń fèsì sí ìwọ́de EndSARS
yor_0262_topic,politics
yor_0262_headline,2023 Elections: Bola Tinubu ní ààrẹ Nàíjíríà ni mo bá ìbò rèé - Tinubu
yor_0263_topic,politics
yor_0263_headline,Osun Governorship Election 2022: Ẹgbẹ́ òṣèlú Adeleke ní ìpolongo lẹ́yẹ lẹ́sẹ̀ tó ń ṣe fún Ademola Adeleke
yor_0264_topic,politics
yor_0264_headline,"Atiku: PDP sọ pé aseyori Atiku, Atiku àti Atiku ní ìpolongo ìbò 2023"
yor_0265_topic,politics
yor_0265_headline,2023 Election: Àwọn ọmọ Nàìjíríà tó ń ṣe ìwọ́de fún Ààrẹ Buhari
yor_0266_topic,health
yor_0266_headline,Covid-19 in Oyo: Àwọn ọmọ ìjọba ìpínlẹ̀ Oyo fèsì lórí ẹ̀sùn pé wọ́n ji àrùn coronavirus ta
yor_0267_topic,politics
yor_0267_headline,Oyo Governorship Election 2023: Adebayo Adelabu ní àwọn ọmọ ẹgbẹ́ òṣèlú APC ń díje fún ipò gómìnà ìpínlẹ̀ Oyo
yor_0268_topic,politics
yor_0268_headline,Salihu Mustapha: Ẹgbẹ́ òṣèlú APC ní kò sí owó ni mo ṣe f'oun fún mi - Salihu Mustapha
yor_0269_topic,politics
yor_0269_headline,Ekiti Election 2022: Àwọn olùdíje sí ipò gómìnà ìpínlẹ̀ Ekiti ní ọdún 19
yor_0270_topic,entertainment
yor_0270_headline,Wakans: Wo àwọn òṣèré tíátà tó ń fèsì ní ìpínlẹ̀ Kwara
yor_0271_topic,politics
yor_0271_headline,Ẹgbẹ́ agbábọ́ọ̀lù rèé lórí ohun tó yẹ kí àwọn ọmọ Yorùbá ṣe fún Tinubu
yor_0272_topic,politics
yor_0272_headline,Gómìnà kọ̀ọ̀kan ní ìpínlẹ̀ Kuta ní ìpínlẹ̀ Osun
yor_0273_topic,politics
yor_0273_headline,Femi Fani-Kayode: Ẹgbẹ́ EFCC kò mọ̀ pé EFCC kò mú Femi Fani Kayode sí ẹ̀yẹ
yor_0274_topic,politics
yor_0274_headline,Bola Tinubu: Ẹgbẹ́ òṣèlú PDP ti fèsì fún àwọn gómìnà tó bá ṣe ìpàdépọ̀ ní London
yor_0275_topic,politics
yor_0275_headline,Nigeria Election 2021: Ẹgbẹ́ Ààrẹ Buhari ní agbábọ́ọ̀lù tó ń rèé
yor_0276_topic,politics
yor_0276_headline,"Edo Election 2021: APC, PDP, PDP àti PDP ti gbalẹ̀ nínú ìdìbò Edo"
yor_0277_topic,politics
yor_0277_headline,Edo Governorship Election 2020: Àwọn Baba Isalẹ̀ ní ìpínlẹ̀ Edo ló ń ìbò rèé
yor_0278_topic,politics
yor_0278_headline,Xi Jinping: Ààrẹ China sọ pé ààrẹ China ń sáà mẹ́ta ní China
yor_0279_topic,politics
yor_0279_headline,Àwọn owó ìtanràn 2017 ní ìpínlẹ̀ Benue yóò san owó ìtapọ̀ lọ́nà ẹ̀ẹ́dẹ́gbẹ́ta Naíra
yor_0280_topic,politics
yor_0280_headline,Ogun Election 2019: Ẹgbẹ́ òṣèlú PDP ní mo ti kúrò nínú ẹgbẹ́ òṣèlú PDP
yor_0281_topic,religion
yor_0281_headline,Pastor Zagabe Chiza: Wo ohun tó yẹ kí o mọ̀ nípa ìyàwó márùn ún
yor_0282_topic,politics
yor_0282_headline,Shiite: Àwọn ọmọ ẹgbẹ́ Shiite ti fèsì sí ìwọ́gi ní Abuja
yor_0283_topic,religion
yor_0283_headline,TB Joshua: Àwọn ajíṣẹ́ ìjọ TB Joshua rèé
yor_0284_topic,health
yor_0284_headline,Iran: Àwọn obìnrin mẹ́sàn-an-an tó kú ní Iran
yor_0285_topic,religion
yor_0285_headline,Covid-19 in Nigeria: Ìjọba ilẹ̀ UK fèsì lórí ìpolongo àrùn Coronavirus
yor_0286_topic,religion
yor_0286_headline,TB Joshua: Àwọn ọmọ ìjọ TB Joshua ní ìpínlẹ̀ Ondo rèé
yor_0287_topic,politics
yor_0287_headline,"Babatunde Bakare: Wo àwọn tó ń yọ suti, kò sí àpapọ̀"
yor_0288_topic,religion
yor_0288_headline,2021 Church: Wo ohun tó yẹ kí o mọ̀ nípa àwọn ọmọ ìjọ
yor_0289_topic,entertainment
yor_0289_headline,Daddy Freeze: Ọlọ́run ní òun ń lọ sí ilé ẹjọ́ kòtọ́lọ́run
yor_0290_topic,entertainment
yor_0290_headline,Osinachi Nwachukwu: Wo ohun tó yẹ kí o mọ̀ nípa Peter Nwachukwu
yor_0291_topic,religion
yor_0291_headline,Boxing Day: Wo ohun tó yẹ kí o mọ̀ nípa ọdún 1800
yor_0292_topic,religion
yor_0292_headline,Wolii Ogundeji: Wo àwọn obìnrin tó ń ṣe aṣemaṣe
yor_0293_topic,religion
yor_0293_headline,CAN: Àwọn ọmọlẹ́yìn Kristi ní Nàìjíríà sọ pé kí wọ́n ṣe ìbò ìbò agbágbé
yor_0294_topic,religion
yor_0294_headline,TB Joshua: Àwọn ọmọ ìjọ TB Joshua rèé
yor_0295_topic,religion
yor_0295_headline,Pastor Funmilayo Adebayo: Wo àwọn ohun tó yẹ kí o mọ̀ nípa àwọn ọmọ ìjọ rẹ̀
yor_0296_topic,religion
yor_0296_headline,"Baba Keresimesi: Wo àwọn ọmọ tó ń wọ aṣọ pupa, bọ́ọ̀pẹ́, agbábọ́ọ̀lù, àmọ́ kò mọ̀"
yor_0297_topic,politics
yor_0297_headline,Oba Lami Adeyemi: Ẹgbẹ́ ọmọ Yorùbá ní ìfinjoye tó yẹ kí o mọ̀ nípa Ọba Lamila Adeyemi
yor_0298_topic,religion
yor_0298_headline,Babalola: Wo ohun tó yẹ kí o mọ̀ nípa ikú Babalola
yor_0299_topic,entertainment
yor_0299_headline,Mike Bamiloye: Wo ohun tó yẹ kí o mọ̀ nípa ìyájọ́ Valentine
yor_0300_topic,health
yor_0300_headline,Soyanbola Omolade Asobi: Wo ohun tó yẹ kí obìnrin mọ̀ nípa àwọn obìnrin tó ń ṣe
yor_0301_topic,religion
yor_0301_headline,Àwọn ṣènuhan ọnìn rèé?
yor_0302_topic,religion
yor_0302_headline,Pásítọ̀ ọmọ ọdún mẹ́rin tí wọ́n fi mọ̀ nípa ẹ̀sìn Hindu
yor_0303_topic,religion
yor_0303_headline,Dare Adeboye: Wo àwọn ọmọ ìjọ RCCG tó di ọmọ ìjọ rèé
yor_0304_topic,religion
yor_0304_headline,Ondo Church: Àwọn ọmọ ìjọ tó ń fèsì ní ọdún 2022
yor_0305_topic,religion
yor_0305_headline,TB Joshua: Wo àwọn ọmọ Pásítọ̀ tó kú láyé
yor_0306_topic,religion
yor_0306_headline,Biodun Fatoyinbo: Ẹgbẹ́ PFN kò mọ̀ pé ó ń yọjú sí ẹgbẹ́ PFN
yor_0307_topic,religion
yor_0307_headline,Pásítọ̀ Babatunde Doras: Àwọn ọmọ ita ti pa Pásítò ìjọ Resumenti
yor_0308_topic,religion
yor_0308_headline,Peter Fatomilola: Wo ohun tó yẹ kí o mọ̀ nípa Orinmila àti Orunmila
yor_0309_topic,religion
yor_0309_headline,TB Joshua: Ìjọba ìpínlẹ̀ Eko ti buwọ́lu ètò ìsìnkú TB Joshua ní Eko
yor_0310_topic,religion
yor_0310_headline,TB Joshua: Pásítọ̀ Chris Okotie sọ ohun tó yẹ kí o mọ̀ nípa ikú TB Joshua
yor_0311_topic,religion
yor_0311_headline,Wo ohun tó yẹ kí o mọ̀ nípa ikú Hijab
yor_0312_topic,religion
yor_0312_headline,Ìjọba ìpínlẹ̀ Kwara kéde kí àwọn iléẹ́ṣẹ́ 11 tó pa ní ìpínlẹ̀ Kwara
yor_0313_topic,religion
yor_0313_headline,Kurant: Ìwà ipá ní ilé tó ń rìn jìnà ní Abuja
yor_0314_topic,religion
yor_0314_headline,Ethiopia: Àwọn èèyàn kan ti dana sun ṣọ́ọ̀ṣì mẹ́ta ní ilẹ̀ Ethiopia
yor_0315_topic,religion
yor_0315_headline,Samuel Ajayi Brownth: Wo àwọn ohun tó yẹ kí o mọ̀ nípa Samuel Ajayi Okodua
yor_0316_topic,religion
yor_0316_headline,Coronavirus in Nigeria: Àwọn ọmọ ìjọ kò ní mọ̀ nípa àrùn Coronavirus
yor_0317_topic,religion
yor_0317_headline,Dare Adeboye: Wo àwọn ọmọ ìjọ RCCG tó rèé lórí ìpolongo ìsìnkú Dare Adeboye
yor_0318_topic,religion
yor_0318_headline,"Ẹgbẹ́ ọlọ́pàá ní Ogun ní ìjà olólùmí tó ń pa èèyàn, àmọ́ ó mọ̀ pé o ti pa ọmọ ìjọ"
yor_0319_topic,religion
yor_0319_headline,Church of Ijomu Ondo: Wo ohun tó yẹ kí o mọ̀ nípa àwọn ọmọ Nàìjíríà tí wọ́n fi ṣe àmọ́ kò mọ̀
yor_0320_topic,religion
yor_0320_headline,T. B Joshua: Wo àwọn ọmọ ìlú tó ń sin ẹ̀sùn ikú rẹ̀
yor_0321_topic,religion
yor_0321_headline,"Adeboye: Pásítọ̀ Enoch Adeboye, ọmọ rẹ̀ tó kú ní Eko"
yor_0322_topic,religion
yor_0322_headline,Hajj 2023: Ẹgbẹ́ ìjọ Mosasi Sharifa ní ọdún 24 tó kú
yor_0323_topic,religion
yor_0323_headline,Ondo Church: Ilé ẹjọ́ rèé lórí ìgbẹ́jọ́ Pásítọ̀ David Anifoṣe àti àwọn mẹ́ta tí wọ́n fi tipa kó àwọn ọmọ ìjọ ní Ondo
yor_0324_topic,religion
yor_0324_headline,Sotitobire Church: Ilé ẹjọ́ kòtẹ́milọ́jọ́ ẹ̀sùn ìgbẹ́jọ́ ẹ̀wọ̀n bọ́ọ̀lù tó ń fèsì
yor_0325_topic,religion
yor_0325_headline,Oyin Baptist Primary School: Ìjọba ìpínlẹ̀ Kwara sọ pé àwọn agbábọ́ọ̀lù tó ń bọ̀ sílẹ̀
yor_0326_topic,religion
yor_0326_headline,Dare Adeboye: Wo ohun tó yẹ kí o mọ̀ nípa ikú Dare Adeboye
yor_0327_topic,religion
yor_0327_headline,Hajj 2021: Wo àwọn ohun tó yẹ kí èèyàn ṣe ní ọjọ́ arafa
yor_0328_topic,religion
yor_0328_headline,Coronavirus in Nigeria: Ẹgbẹ́ ọmọ lẹ́yìn Kristi ní Owo ní ìpínlẹ̀ Ondo ti fi ìpolongo ìkọlù sí àwọn ọmọ ìjọ
yor_0329_topic,religion
yor_0329_headline,Aguda: Àwọn ọmọ ìjọ Agugbé ní Abuja ṣe ìwọ́de tako àwọn ọmọ ìjọ agbábọ́ọ̀lù Aguda
yor_0330_topic,religion
yor_0330_headline,Pope Francis: Àwọn ṣé ọọn àwón ì̀rọ̀rẹ́n arán ẹ̀̀nìn ìbálò́n òṣè̀rá
yor_0331_topic,religion
yor_0331_headline,Ogun Court: Àwọn ọmọ ìjọ Mùsùlùmí ní ìpínlẹ̀ Eko ń fèsì
yor_0332_topic,religion
yor_0332_headline,Oyin Baptist Church: Ìjọba ìpínlẹ̀ Kwara ṣe àgbékalẹ̀ ìmọ̀ràn lórí àwọn tó bẹ́ sílẹ̀ ní Ilorin
yor_0333_topic,religion
yor_0333_headline,"2019: Ìwọ́de ìwọ́de Hijab ní Ibadan, àwọn obìnrin tó ń jà fún ìwọ́dí sí"
yor_0334_topic,religion
yor_0334_headline,"Pásítọ̀ Adeboye: Wo ohun tó yẹ kí àwọn ọmọ Nàìjíríà mọ̀ nípa ìyàwó rẹ̀, Folu Adeboye"
yor_0335_topic,religion
yor_0335_headline,"RCCG 2020: Adeboye ní owó N100,000 yóò mọ̀ nípa owó Naira"
yor_0336_topic,religion
yor_0336_headline,TB Joshua: Wo ohun tó yẹ kí o mọ̀ nípa ikú Woli Temitope Joshua
yor_0337_topic,religion
yor_0337_headline,"Hajj 2022: Àwọn agbábọ́ọ̀lù tó ń san naira 13,000"
yor_0338_topic,religion
yor_0338_headline,Paul Adefasin: Wo àwọn ọmọ ìjọ tó ń fi Nàìjíríà sílẹ̀
yor_0339_topic,religion
yor_0339_headline,CAN 2021: Àwọn ọmọlẹ́yìn ìjọ CAN ní àpapọ̀ ní Nàìjíríà
yor_0340_topic,religion
yor_0340_headline,Wo àwọn mẹ́rin tó ń ṣe iṣẹ́ ìyanu ìwòsàn rèé - Elka
yor_0341_topic,politics
yor_0341_headline,Sunday Igboho: Àwọn ọmọ Nàìjíríà ní àpapọ̀ ni wọ́n fi fèsì fún ẹ̀sùn wọn
yor_0342_topic,religion
yor_0342_headline,Esu: Wo àwọn ohun tó yẹ kí o mọ̀ nípa Esu
yor_0343_topic,religion
yor_0343_headline,Imam Abubakar: Wo ohun tó yẹ kí o mọ̀ nípa àwọn ọmọ ìjọ Krìstẹ́nì
yor_0344_topic,religion
yor_0344_headline,Woli Oladele: Wo ohun tó yẹ kí o mọ̀ nípa àwọn agbábọ́ọ̀lù tó ń san owó
yor_0345_topic,sports
yor_0345_headline,Mikel Arteta: Agbábọ́ọ̀lù Arsenal kéde Mikel Artetan gẹ́gẹ́ bí akọ́nimọ̀ọ́gbá rẹ̀ tuntun
yor_0346_topic,religion
yor_0346_headline,Anthony Joshua: Àwọn agbábọ́ọ̀lù tó ń jà ní Sagamu
yor_0347_topic,sports
yor_0347_headline,AFCON 2021: Àwọn agbábọ́ọ̀lù Benin Republic lẹ́nu tí wọ́n ṣe fún ìdíje AFCON
yor_0348_topic,sports
yor_0348_headline,Chelsea vs Chelsea: Arsenal fọ́ Chelsea ní àṣekagba ìdíje FA Cup mọ́ Chelsea
yor_0349_topic,sports
yor_0349_headline,AFCON 2021: Super Eagles lu Lesotho lẹ́nu
yor_0350_topic,sports
yor_0350_headline,AFCON 2019: Agbábọ́ọ̀lù Super Eagles rèé
yor_0351_topic,sports
yor_0351_headline,Nigeria vs Ghana: NFF fi ọ́jọ́ ikú Dr Joseph Kabungo ní Abuja
yor_0352_topic,sports
yor_0352_headline,Tobi Amusan: Wo àwọn tó gba àmì ẹ̀yẹ 100m
yor_0353_topic,sports
yor_0353_headline,Liverpool vs Liverpool: Chelsea ti gba bọ́ọ̀lù sí Liverpool
yor_0354_topic,sports
yor_0354_headline,AFCON 2019: Algeria fi ife ẹ̀yẹ AFCON fún Senegal
yor_0355_topic,sports
yor_0355_headline,Chelsea vs Chelsea: Chelsea bọ́ọ̀lù rèé fún Chelsea
yor_0356_topic,sports
yor_0356_headline,AFCON 2019: Wo ohun tó yẹ kí àwọn ọmọ Nàìjíríà fi mọ̀ nípa Bode Thomas
yor_0357_topic,sports
yor_0357_headline,AFCON 2022: Ẹgbẹ́ agbábọ́ọ̀lù àpapọ̀ Nàìjíríà kò gbọdọ̀ kópa ní ìdíje àgbáyé fún ọdún méjì
yor_0358_topic,entertainment
yor_0358_headline,World Cup 2022: Wo àwọn olólùfẹ́ eré bọ́ọ̀lù àfẹsẹ̀gbá tí wọ́n ń fẹ́ràn
yor_0359_topic,sports
yor_0359_headline,Liverpool vs Liverpool: Wo àwọn ohun tó yẹ kí o mọ̀ nípa ìdí tí Klopp fi ṣe fún Liverpool
yor_0360_topic,sports
yor_0360_headline,AFCON 2021: Agbábọ́ọ̀lù Cameroon f'ò ń gba àmì ẹ̀yẹ Africa Cup of Nations
yor_0361_topic,religion
yor_0361_headline,Tijani Azeez: Wo àwọn ohun tó yẹ kí o mọ̀ nípa Tijani azeez
yor_0362_topic,sports
yor_0362_headline,"Ronaldo, Ronaldo: Ẹgbẹ́ agbábọ́ọ̀lù Real Madrid, Barcelona, Barcelona àti Barcelona sọ pé Ronaldo ń gba àmì ẹ̀yẹ Ballon d'Or"
yor_0363_topic,religion
yor_0363_headline,Suznez Wenger: Wo ohun tó yẹ kí o mọ̀ nípa ẹ̀sìn agbábọ́ọ̀lù Yorùbá
yor_0364_topic,sports
yor_0364_headline,Arsenal vs Arsenal: Arsenal gba ife ẹ̀yẹ Premier League 2004
yor_0365_topic,sports
yor_0365_headline,"Tottenham vs Tottenham: Tottenham, Tottenham àti Tottenham rèé lórí ìdíje agbábọ́ọ̀lù Arsenal àti Tottenham"
yor_0366_topic,sports
yor_0366_headline,World Cup 2019: Àwọn agbábọ́ọ̀lù 12 tó ń gba ife ẹ̀yẹ World Cup
yor_0367_topic,health
yor_0367_headline,"Mike Tyson: Ikọ̀ bọ́ọ̀lù rèé fún Mike Tyson, Mike Tyson àti Mike Tyson"
yor_0368_topic,sports
yor_0368_headline,World Cup 2022: Àwọn agbábọ́ọ̀lù Nàìjíríà yóò kópa nínú ìdíje ife ẹ̀yẹ Super Falcons
yor_0369_topic,sports
yor_0369_headline,Ronaldinho: Àwọn ọmọ Nàìjíríà tó gba ẹ̀yẹ àgbáyé rèé
yor_0370_topic,sports
yor_0370_headline,Man United vs Chelsea: Man United kò bá lu Chelsea mọ́lé
yor_0371_topic,sports
yor_0371_headline,Samuel Okwaraji: Agbábọ́ọ̀lù Nàìjíríà ní ọdún 1990 tí wọ́n fi mọ̀ nípa Samuel Okwaji
yor_0372_topic,sports
yor_0372_headline,Arsenal vs Arsenal: Arsenal mọ̀ pé Arsenal fipo rẹ̀ sílẹ̀
yor_0373_topic,sports
yor_0373_headline,"Manchester United vs West Ham: Jose Mourinho, Man United rèé fún akọ́nimọ̀ọ́lù 3-2"
yor_0374_topic,sports
yor_0374_headline,Arsenal vs Brighton: Àwọn agbábọ́ọ̀lù Premier League rèé
yor_0375_topic,sports
yor_0375_headline,Anthony Joshua vs Tyson Fury: Agbábọ́ọ̀lù Anthony Joshua ní àwọn ohun tó yẹ kí o mọ̀ nípa ìjà rẹ̀
yor_0376_topic,sports
yor_0376_headline,Mikel Obi: Ẹgbẹ́ agbábọ́ọ̀lù Nàìjíríà ti fi ẹ̀yẹ Super Eagles sílẹ̀
yor_0377_topic,sports
yor_0377_headline,Liverpool vs Arsenal: Liverpool bọ́ọ̀lù Arsenal ní Anfield
yor_0378_topic,sports
yor_0378_headline,Real Madrid vs Barcelona: Lionel Messi sọ pé Barcelona yóò gba ife ẹ̀yẹ La Liga ní 2020
yor_0379_topic,sports
yor_0379_headline,Covid-19: Àwọn agbábọ́ọ̀lù tí yóò padà sípa lórí ìpolongo coronavirus
yor_0380_topic,sports
yor_0380_headline,Afcon 2019: Super Eagles ti bọ́ọ̀lù Super Eagles rèé
yor_0381_topic,sports
yor_0381_headline,Benzema 2022: Benzema gba àmì ẹ̀yẹ Ballon d'Or fún ọdún 19
yor_0382_topic,sports
yor_0382_headline,"Manchester United vs Arsenal: Man United, Arsenal àti Arsenal mọ̀ pé Man United àti Arsenal ń bọ́ọ̀lù"
yor_0383_topic,sports
yor_0383_headline,NBA 2020: Ẹgbẹ́ agbábọ́ọ̀lù Nàíjíríà ní ìpínlẹ̀ Eko kéde orúkọ ọlọ́pàá
yor_0384_topic,sports
yor_0384_headline,World Cup 2022: Orílẹ̀èdè Argentina ti borí ìdíje ife ẹ̀yẹ World World Cup
yor_0385_topic,sports
yor_0385_headline,Leicester City vs Leicester City: Agbábọ́ọ̀lù Leicester City rèé
yor_0386_topic,sports
yor_0386_headline,"Lionel Messi: Àwọn agbábọ́ọ̀lù Barcelona, Ronaldo àti Ronaldo ń mọ̀ pé Messi ní ẹ̀yẹ Ballon D'Or"
yor_0387_topic,sports
yor_0387_headline,Ballon D'Or: Lionel Messi gba àmì ẹ̀yẹ Ballon D’Or fún ọdún 2015
yor_0388_topic,sports
yor_0388_headline,UFC 2019: Adesanya ti gba àmì ẹ̀yẹ UFC 3-33
yor_0389_topic,sports
yor_0389_headline,Chelsea vs Chelsea: Frank Lampard fi akọ́mọọ̀lù Chelsea lẹ́nu
yor_0390_topic,sports
yor_0390_headline,UFC 245: Usman lu Colboy Covington ní ìdíje UFC 145
yor_0391_topic,sports
yor_0391_headline,Liverpool vs Manchester City: Liverpool fi bọ́ọ̀lù di mẹ́sàn lẹ́yìn ìṣẹ́jú mẹ́sàn
yor_0392_topic,sports
yor_0392_headline,Arsenal vs Newcastle: Arsenal bọ́ọ̀lù méjì fún Newcastle
yor_0393_topic,sports
yor_0393_headline,World Cup 2019: Agbábọ́ọ̀lù mẹ́rin tí America yóò gba ife ẹ̀yẹ àgbáyé
yor_0394_topic,sports
yor_0394_headline,Leicester City vs Leicester City: Kelechi Iheanacho ní àwọn agbábọ́ọ̀lù Nàìjíríà ti gba àmì ẹ̀yẹ ife ẹ̀yẹ ẹ̀yẹ ìdíje Premier League
yor_0395_topic,sports
yor_0395_headline,Chelsea vs Chelsea: Frank Lampard fi agbábọ́ọ̀lù Chelsea rèé
yor_0396_topic,sports
yor_0396_headline,Premier League 2021: Ẹgbẹ́ agbábọ́ọ̀lù Premier League yóò gba ife ẹ̀yẹ Premier League
yor_0397_topic,sports
yor_0397_headline,Manchester United vs Crystal Palace: Man United rèé lórí ìdíje Premier League
yor_0398_topic,sports
yor_0398_headline,"Run 100 N1200,000 ni NFF fi $110m rèé - NFF"
yor_0399_topic,sports
yor_0399_headline,Serena Williams vs Serena Williams: Wo ohun tó yẹ kí o mọ̀ nípa ìdíje agbábọ́ọ̀lù Serena Williams
yor_0400_topic,sports
yor_0400_headline,WFCON 2022: Super Falcons yóò kópa nínú ìfẹsẹ̀wọnsẹ̀ wọn
yor_0401_topic,religion
yor_0401_headline,T.B Joshua: Ọmọ agbábọ́ọ̀lù Manchester United fèsì fún àwọn olólùfẹ́ rẹ̀
yor_0402_topic,sports
yor_0402_headline,AFCON 2022: Agbábọ́ọ̀lù obìnrin tí yóò gba àmì ẹ̀yẹ ààrẹ obìnrin ní Afrika
yor_0403_topic,sports
yor_0403_headline,AFCON 2019: Ẹgbẹ́ agbábọ́ọ̀lù Nàìjíríà àti Cameroon yóò mọ̀ nípa ìdíje àgbábọ́ọ́lù Burundi
yor_0404_topic,sports
yor_0404_headline,Nigeria Sports Festival: Ìjọba àpapọ̀ ní ìpínlẹ̀ Edo kéde ìdíje Super Eagles Festival
yor_0405_topic,sports
yor_0405_headline,Manchester City vs Liverpool: Man City gba ife ẹ̀yẹ Community Shield fún Liverpool
yor_0406_topic,sports
yor_0406_headline,2021: Wo ohun tó yẹ kí o mọ̀ nípa ìbò rèé
yor_0407_topic,religion
yor_0407_headline,Simon Adeobie: Ẹgbẹ́ agbábọ́ọ̀lù fèsì ní ìpínlẹ̀ Eko
yor_0408_topic,sports
yor_0408_headline,Covid-19: Àwọn agbábọ́ọ̀lù Genk kò ní àrùn coronavirus
yor_0409_topic,sports
yor_0409_headline,Yinsa Sofoluwe: Ẹgbẹ́ Super Eagles tẹ́lẹ̀rí ni mo fi bọ́ọ̀lù fún Super Eagles ní 2019
yor_0410_topic,sports
yor_0410_headline,Chelsea vs Man City: Chelsea gba bọ́ọ̀lù Man City fún Man City
yor_0411_topic,sports
yor_0411_headline,AFCON 2021: Àwọn agbábọ́ọ̀lù Nàìjíríà ń jà fún ìfẹsẹ̀wọnsẹ̀ rèé
pcm_0001_topic,business
pcm_0001_headline,Ghana business price: Why Ghana go up today?
pcm_0002_topic,business
pcm_0002_headline,£1.04: Wetin e need to know about di Euro
pcm_0003_topic,business
pcm_0003_headline,Nigeria inflation update: Why Nigeria dey insecurity for 19.64%
pcm_0004_topic,business
pcm_0004_headline,Nigeria 2020: Nigeria dey react to new naira notes
pcm_0005_topic,business
pcm_0005_headline,Russia vs Ukraine: How Russia dey dey buy for Dubai - See wetin to know
pcm_0006_topic,business
pcm_0006_headline,"Marwako: How Ghana dema food poisoning in Ghana, Marwako explain dema business for Ghana"
pcm_0007_topic,business
pcm_0007_headline,Elon Musk: Elon Musk wan end im $36bn deal to buy Twitter
pcm_0008_topic,business
pcm_0008_headline,Ghana Protests in Ghana: Ghana protest for e-levie tax
pcm_0009_topic,business
pcm_0009_headline,Ecowas ban: Ghana leaders dey lift business for Mali - See wetin to know
pcm_0010_topic,business
pcm_0010_headline,Covid-19: Wetin we need to know about 2020
pcm_0011_topic,business
pcm_0011_headline,Nigeria vs Ghana: Why Ghana and Ghana goment meet Ghana for $1 million
pcm_0012_topic,business
pcm_0012_headline,MRP: Why CBN don appoint new price for 13 dem
pcm_0013_topic,business
pcm_0013_headline,Nigeria price of bread for Nigeria: Why dem dey reduce di price ofbread for Nigeria
pcm_0014_topic,business
pcm_0014_headline,"2019 Year of Return: Ghana Tourism Authority say dem dey send 500,000 foreign customers for Ghana"
pcm_0015_topic,business
pcm_0015_headline,Ghana business: Wetin you need to know about di business
pcm_0016_topic,business
pcm_0016_headline,Nigeria Budget 2020: Nigeria President Muhammadu Buhari explain 10.33 billion naira as goment 2520 $
pcm_0017_topic,business
pcm_0017_headline,ONL-29 Fuel: Why Nigeria dey go for di oil drop
pcm_0018_topic,business
pcm_0018_headline,Elon Musk: Elon Musk sack Twitter Twitter for $444bn
pcm_0019_topic,business
pcm_0019_headline,Elon Musk: Elon Musk reply to buy Cuba for $444bn
pcm_0020_topic,business
pcm_0020_headline,Ghana dey hit Ghc208.6 billion
pcm_0021_topic,entertainment
pcm_0021_headline,Big Brother Naija 2020: See how you know about di fight wey happun
pcm_0022_topic,entertainment
pcm_0022_headline,Harryson: Wetin e need to know about e dey fight for health
pcm_0023_topic,entertainment
pcm_0023_headline,Hira Bakam: Audu Maikori don pay tribute to actress Sharif Bakam
pcm_0024_topic,entertainment
pcm_0024_headline,Oscars 2019: See wetin you need to know about di Oscars
pcm_0025_topic,entertainment
pcm_0025_headline,BBNaija 2021: BBNaija lockdown house dey up afta Big Brother Naija lockdown house
pcm_0026_topic,entertainment
pcm_0026_headline,Iyabo Ojo: Nollywood actress say she dey be single mother
pcm_0027_topic,entertainment
pcm_0027_headline,2020 GN Men of di Year Awards
pcm_0028_topic,entertainment
pcm_0028_headline,Academy Awards 2022: See how to know about di award list
pcm_0029_topic,entertainment
pcm_0029_headline,Nedu marriage: See wetin you need to know about di marriage
pcm_0030_topic,entertainment
pcm_0030_headline,Peter Okoye: See how di Nigerian musician say e no dey join P-Square
pcm_0031_topic,entertainment
pcm_0031_headline,Philip Okoro death: Nollywood actor Gordon Okoro die at di age of 29
pcm_0032_topic,entertainment
pcm_0032_headline,Big Brother Naija 2020 housemates wey dey up for eviction
pcm_0033_topic,entertainment
pcm_0033_headline,"Burna Boy, Burna Boy tok for Grammy Awards 2021"
pcm_0034_topic,entertainment
pcm_0034_headline,Etu pipo dey know about di American singer
pcm_0035_topic,entertainment
pcm_0035_headline,Grammy Awards 2022: Grammy Academy announce im nominees for 64th awards
pcm_0036_topic,entertainment
pcm_0036_headline,Davido update: Davido reveal tracklist for di 17 record
pcm_0037_topic,entertainment
pcm_0037_headline,Harry Potter: How she die of cancer for 52
pcm_0038_topic,entertainment
pcm_0038_headline,Omah Lay: Nigerian entertainment celebrities wey dey react to Uganda Police arrest for Covid-19
pcm_0039_topic,entertainment
pcm_0039_headline,Jojo Siwa: See how wetin you need to know about di rapper
pcm_0040_topic,entertainment
pcm_0040_headline,Erica and BBNaija lockdown season 2020: Erica say Kidd Waya dey blow business for Head of House Palace
pcm_0041_topic,entertainment
pcm_0041_headline,Erica Ozokwo: How di Nollywood actress die at age 64
pcm_0042_topic,entertainment
pcm_0042_headline,Top 20-year-old stars wey dey show for Instagram
pcm_0043_topic,entertainment
pcm_0043_headline,Majek Fashek: 'Rainmaker' wey dey die for US
pcm_0044_topic,entertainment
pcm_0044_headline,Ric Hassani: See how wetin dey happun
pcm_0045_topic,entertainment
pcm_0045_headline,BBNaija 2020: Tolanibaj and Wathoni say wetin you need to know about di Big Brother Naija housemates
pcm_0046_topic,entertainment
pcm_0046_headline,Donda West: Kanye West dey list di 10 Grammys
pcm_0047_topic,entertainment
pcm_0047_headline,Bukunmi Oluwsina marriage: Nollywood actress wey dey marriage to Ebun
pcm_0048_topic,entertainment
pcm_0048_headline,"BBNaija 2020: Laycon, Nengi, See wetin you need to know about di BBNaija housemates"
pcm_0049_topic,entertainment
pcm_0049_headline,DJ Cuppy: 'I no need to know about my wife
pcm_0050_topic,entertainment
pcm_0050_headline,Ada Jesus: Nigerian comedian Ada Jesus say e dey health wit cancer
pcm_0051_topic,entertainment
pcm_0051_headline,BBNaija 2021: Why pipo dey laike BBNaija housemates
pcm_0052_topic,entertainment
pcm_0052_headline,Drake: See di new album wey e know about di new record
pcm_0053_topic,entertainment
pcm_0053_headline,Big Brother Naija 2019 video: See how Nigerians dey know about 'sex for Grades
pcm_0054_topic,business
pcm_0054_headline,Obi Cubana wife Ebele Iyiegbu: 'I no arrest Obi Cubanna wife' - See wetin you know
pcm_0055_topic,entertainment
pcm_0055_headline,Iyabo Ojo and Nkechi Blessing: See wetin wetin you need to know about di Nollywood entertainment
pcm_0056_topic,entertainment
pcm_0056_headline,Big Brother Naija 2021: See di new housemates wey dey chop eviction from BBNaija season 6
pcm_0057_topic,entertainment
pcm_0057_headline,Simi and Simi marriage: See di Nigerian singer wey marry for 2019
pcm_0058_topic,entertainment
pcm_0058_headline,Salman Khan and Rao dey break up for 15 years
pcm_0059_topic,entertainment
pcm_0059_headline,Chinma Ekile: Nigerian singer wey dey sign for di new 'God Overdo
pcm_0060_topic,entertainment
pcm_0060_headline,Zlatan vs Cuppy: DJ Cuppy say Zlatan blocking her for social media
pcm_0061_topic,entertainment
pcm_0061_headline,Big Brother Naija 2020: How you need to know about di BBNaija season 5
pcm_0062_topic,entertainment
pcm_0062_headline,BBNaija 2020: Beyoncé don reveal video of 'Black' video
pcm_0063_topic,entertainment
pcm_0063_headline,"Rita Dominic: Nollywood actress, actress and actress dey die at 50"
pcm_0064_topic,entertainment
pcm_0064_headline,Naira Marley video: EFCC dey explain about Naira Marley iPhone
pcm_0065_topic,entertainment
pcm_0065_headline,"Big Brother Naija 2020: Eric, Tochi and Tochi na di new housemates wey dey become housemates"
pcm_0066_topic,entertainment
pcm_0066_headline,Lizze Wrrd die at 21
pcm_0067_topic,entertainment
pcm_0067_headline,Ed Sheeran: Wetin you need to know about di new video
pcm_0068_topic,entertainment
pcm_0068_headline,Joe Boy: Wetin you need to know about di new song
pcm_0069_topic,health
pcm_0069_headline,TikTok update: How technology dey drop down on video wey dey use
pcm_0070_topic,entertainment
pcm_0070_headline,BBNaija lockdown 2021: Erica say Laycon go win
pcm_0071_topic,entertainment
pcm_0071_headline,Fireboy DNL: Wetin you need to know about di Nigerian singer
pcm_0072_topic,entertainment
pcm_0072_headline,"Davido, Davido don cancel 30 years of age"
pcm_0073_topic,entertainment
pcm_0073_headline,Fela Kuti: Nigerian Afroboys nominees for 2020
pcm_0074_topic,entertainment
pcm_0074_headline,Big Brother Naija 2020: See wetin you need to know about di house
pcm_0075_topic,entertainment
pcm_0075_headline,DJ Cuppy: 'I dey apologise to Florence Ifeoluwa Otedola
pcm_0076_topic,entertainment
pcm_0076_headline,David Imonio Chukwuemeka marriage: See how im meet im 56-year-old wife
pcm_0077_topic,entertainment
pcm_0077_headline,Fela Anikilapo Kuti: 2021 Grammy nominees
pcm_0078_topic,entertainment
pcm_0078_headline,Uche Maduagwu vs Jim Iyke: Nollywood actor say e deyke face to face
pcm_0079_topic,entertainment
pcm_0079_headline,Nkechi Blessing husband and Falegon Oneyemi David: Nigerian actor wey dey break up with Falega Odi
pcm_0080_topic,entertainment
pcm_0080_headline,Rema: See how di Nigerian singer dey die at 19
pcm_0081_topic,entertainment
pcm_0081_headline,Tahir Fagie: 'Gidan Gala' wey dey abuse pipo
pcm_0082_topic,entertainment
pcm_0082_headline,Davido get advice to 'fem' for pipo wey dey 'pa
pcm_0083_topic,entertainment
pcm_0083_headline,Peter Leone: Google reveal new Dey 115th birthday of di Nigerian artist
pcm_0084_topic,entertainment
pcm_0084_headline,Tonto Dike: Why United nations don react to Tonto dike
pcm_0085_topic,entertainment
pcm_0085_headline,BBNaija 2021 housemates: Big Brother Naija housemates wey win di BBNaija season 5
pcm_0086_topic,entertainment
pcm_0086_headline,Tonto Dike: Prince Kpokpogri say police arrest am for Abuja
pcm_0087_topic,entertainment
pcm_0087_headline,BBNaija 2021 housemates: Why wetin we need to know about di BBNaija show
pcm_0088_topic,entertainment
pcm_0088_headline,Cameroon singer dey go hospital for Covid-19
pcm_0089_topic,entertainment
pcm_0089_headline,Kanyanye West: See how wetin you need to know about Kanye
pcm_0090_topic,entertainment
pcm_0090_headline,Big Brother Naija 2020: See how di housemates dey react
pcm_0091_topic,entertainment
pcm_0091_headline,Burna Boy apologize to 'Black Giant
pcm_0092_topic,entertainment
pcm_0092_headline,Dappup: How dem dey break up afta 28 years togeda
pcm_0093_topic,entertainment
pcm_0093_headline,"Ayodeji Balogun: Wizkid, Wizkid, Davido, Wizkid and Wizkid dey di new record"
pcm_0094_topic,entertainment
pcm_0094_headline,"Lateef Adedimeji: Nollywood actor, actress and actress wey dey marriage for Adebimpe Oyebade"
pcm_0095_topic,entertainment
pcm_0095_headline,Ada Jesus: Wetin dey take care of Ada Jesus
pcm_0096_topic,entertainment
pcm_0096_headline,Emmanuel 'Mjokes': See wetin you need know about im death
pcm_0097_topic,entertainment
pcm_0097_headline,Odunlade Adekola: Nigerian actor wey dey ask for sex for Nollywood
pcm_0098_topic,entertainment
pcm_0098_headline,Tiwa Savage: Wetin you need to know about di video
pcm_0099_topic,entertainment
pcm_0099_headline,Ifeanyi Adeleke: See di video wey dey di son of Nigerian music star wey die
pcm_0100_topic,entertainment
pcm_0100_headline,Big Brother Naija BBNaija 2022: See di housemates dey make eviction from BBNaija season 7
pcm_0101_topic,entertainment
pcm_0101_headline,Queen Elizabeth 70th birthday: See how di Queen of England dey meet with fans
pcm_0102_topic,entertainment
pcm_0102_headline,Tiwa Savage video: See how wetin you need to know about di video
pcm_0103_topic,entertainment
pcm_0103_headline,Oriyabunmi: Nigerian actress wey die for di year 2021
pcm_0104_topic,entertainment
pcm_0104_headline,"Headies 2019 Awards: Burna Boy, Teni, Falz, Chinko Ekun and Burna Boy wey dey react"
pcm_0105_topic,entertainment
pcm_0105_headline,Davido: See di Nigerian singer dey 250 million naira
pcm_0106_topic,entertainment
pcm_0106_headline,Nengi and Trikytee: BBNaija 2021 housemates wey dey collect appoint as Premier Special assistant
pcm_0107_topic,entertainment
pcm_0107_headline,"BBNaija 2021: Erica, Wathoni and Wathoni dey react"
pcm_0108_topic,entertainment
pcm_0108_headline,Ozo snack di Head of House for BBNaija 2020
pcm_0109_topic,entertainment
pcm_0109_headline,"J.lo: Nollywood actress, actress, singer, actress and singer drop new album on Friday"
pcm_0110_topic,entertainment
pcm_0110_headline,I no dey know about menopause
pcm_0111_topic,politics
pcm_0111_headline,"Dimi Bankola, wife of Atiku Bagudu, daughter of APC Governors"
pcm_0112_topic,entertainment
pcm_0112_headline,Temilade Openiyi: 'I no dey show di week for UK
pcm_0113_topic,health
pcm_0113_headline,Omicron: Why UK dey die from Covid-19
pcm_0114_topic,health
pcm_0114_headline,Covid-19 coronavirus: How to use dia nose to test pipo wey get coronavirus
pcm_0115_topic,health
pcm_0115_headline,Lagos State: Wetin to know about di death of wife of di hospital
pcm_0116_topic,health
pcm_0116_headline,Coronavirus: Ghana goment collect Covid-19 vaccine
pcm_0117_topic,health
pcm_0117_headline,Covid-19 update: How wetin you need to know about di coronavirus pandemic
pcm_0118_topic,health
pcm_0118_headline,Covid-19 vaccine: Africa go get 220m vaccine
pcm_0119_topic,health
pcm_0119_headline,Ebola in Nigeria: WHO dey celebrate Covid-19 outbreak
pcm_0120_topic,health
pcm_0120_headline,Covid-19 in Ghana: Ghana President Yaw Ofo-Maafo be de new govment adviser to test positive for coronavirus
pcm_0121_topic,health
pcm_0121_headline,Cameroon Covid-19 cases: Cameroon dey face 11 cases of Coronavirus
pcm_0122_topic,health
pcm_0122_headline,Covid-19: Ghana govment ban on burials for 4 days
pcm_0123_topic,health
pcm_0123_headline,Covid-19 cases: Ghana dey search for first cases of Omicron variant
pcm_0124_topic,health
pcm_0124_headline,Covid-19 Vaccine: Ghana deny AstraZeneca vaccine for Ghana
pcm_0125_topic,health
pcm_0125_headline,Coronavirus: Why US dey update for travellers wey wan depart to US
pcm_0126_topic,health
pcm_0126_headline,Covid-19 cases in Ghana: Why Ghana dem dey ban 200 cases of coronavirus
pcm_0127_topic,health
pcm_0127_headline,Ghana Medical Association say dem call out de plan strike
pcm_0128_topic,health
pcm_0128_headline,Donald Trump: US president Donald Trump Jr test positive for coronavirus
pcm_0129_topic,health
pcm_0129_headline,Covid-19 lockdown: Wetin wetin you need to know about di lockdown
pcm_0130_topic,health
pcm_0130_headline,Covid-19 cases: Ivory Coast goment stop foreigner for 15 days
pcm_0131_topic,health
pcm_0131_headline,"Omicron Covid-19 in South Africa: US dey ban from South Africa, South Africa"
pcm_0132_topic,health
pcm_0132_headline,Coronavirus in Nigeria: WHO say di Covid-19 death of 66 Children for Gambia
pcm_0133_topic,health
pcm_0133_headline,Covid-19 Vaccine: Why e dey catch coronavirus?
pcm_0134_topic,politics
pcm_0134_headline,Philip Powel: US Minister of State wey die at di age of 84
pcm_0135_topic,health
pcm_0135_headline,Covid-19 lockdown: Why Nigeria dey react to coronavirus for China
pcm_0136_topic,health
pcm_0136_headline,Covid-19 cases in Ghana: Why Ghana dey arrest from coronavirus hospital
pcm_0137_topic,entertainment
pcm_0137_headline,Covid-19 lockdown: Ghana dem go collect $50 million for US burials
pcm_0138_topic,health
pcm_0138_headline,Covid-19 vaccine: How Ghana dem dey make Covid 19 vaccination
pcm_0139_topic,entertainment
pcm_0139_headline,Covid-19 in Nigeria: Queen Elizabeth dey tell UK say 'we go win
pcm_0140_topic,health
pcm_0140_headline,Covid-19 Vaccine: Why Nigeria dey dey reduce coronavirus for Nigeria
pcm_0141_topic,health
pcm_0141_headline,Coronavirus: Ghana test positive for Covid-19 cases
pcm_0142_topic,health
pcm_0142_headline,Coronavirus in Nigeria: Lagos State dey react to Covid-19 cases
pcm_0143_topic,health
pcm_0143_headline,Coronavirus: How to know about Covid-19 coronavirus
pcm_0144_topic,health
pcm_0144_headline,"Omicron cases of Covid-19 in Africa: Why Nigeria, Ghana, South Africa dey collect 24 kontris"
pcm_0145_topic,politics
pcm_0145_headline,2020: Buhari goment to resign - See wetin we know
pcm_0146_topic,politics
pcm_0146_headline,Awayaso Westwuon election 2020: NDC win NDC for Awaso West Wuoman
pcm_0147_topic,politics
pcm_0147_headline,Benue State: Why im security man dey shoot govnor wey attack am for am
pcm_0148_topic,politics
pcm_0148_headline,Wike say im and Femi Fani-Kayode no be friends - Wike
pcm_0149_topic,politics
pcm_0149_headline,Oyo Governorship Election 2019: Oyo State Assembly don impeach di deputy govnor
pcm_0150_topic,politics
pcm_0150_headline,US President Joe Biden and Kamala Harris: See how we need to know about di 2020 election
pcm_0151_topic,politics
pcm_0151_headline,Osun governorship election 2021: Osun Governorship election results: Oyetola win di governorship primary
pcm_0152_topic,business
pcm_0152_headline,US President Donald Trump: Wetin you need to know about di business
pcm_0153_topic,health
pcm_0153_headline,Coronavirus 2020: Nigeria President Buhari don felece wit Nigerians for Christmas
pcm_0154_topic,politics
pcm_0154_headline,Edo Election 2019: Osagie Ize-Iyamu win di governorship election
pcm_0155_topic,politics
pcm_0155_headline,Ivory Coast election 2021: Ivory Coast dey request for di vote
pcm_0156_topic,politics
pcm_0156_headline,Stella Oduah: Who be di women wey dey shake Nigeria politics?
pcm_0157_topic,politics
pcm_0157_headline,INEC say dem no sell results of 2019 elections
pcm_0158_topic,politics
pcm_0158_headline,Lagos State: See wetin you need to know about di state
pcm_0159_topic,politics
pcm_0159_headline,"Bayelsa Election 2020: APC, APC, PDP, APC and APC election days wey dey go vote"
pcm_0160_topic,politics
pcm_0160_headline,Rush Nigeria Election 2023: Why wetin we need to know about di National co-odinator
pcm_0161_topic,politics
pcm_0161_headline,Osun election 2022: See di 6th govnor of Osun state goment dey open toktok
pcm_0162_topic,politics
pcm_0162_headline,Peter Obi: Why e no know about di 2023 election
pcm_0163_topic,politics
pcm_0163_headline,Nigeria Election 2023: Inec say e no need to know about di election
pcm_0164_topic,politics
pcm_0164_headline,PDP Election 2023: PDP new president wey dey become new National Chairman
pcm_0165_topic,politics
pcm_0165_headline,Obasanjo say pick im 1999 man as President
pcm_0166_topic,politics
pcm_0166_headline,Iran Presidency: See why Iran President Ibrahim Buhari don wear headscarf for New York
pcm_0167_topic,politics
pcm_0167_headline,Bola Tinubu: Governor Bello say e need tok about Tinubu
pcm_0168_topic,politics
pcm_0168_headline,Donald Trump: Donald Trump dey condemn 'racies' for 29 pipo
pcm_0169_topic,politics
pcm_0169_headline,Lawrence Ewakpo: Wetin to know about di new deputy govnor of Bayelsa state
pcm_0170_topic,politics
pcm_0170_headline,Guinea 82-year-old Head of state go elections
pcm_0171_topic,politics
pcm_0171_headline,Rivers Governorship Election 2021: Rivers State election results go hold for Rivers State
pcm_0172_topic,politics
pcm_0172_headline,Ghana Governorship Election 2020: Ghana Police Service say 5 pipo die for di elections
pcm_0173_topic,politics
pcm_0173_headline,Bayelsa Governorship Election 2022: See di first time for di election
pcm_0174_topic,politics
pcm_0174_headline,APC election 2020: Abdullahi Adamu na di new national chairman of APC
pcm_0175_topic,politics
pcm_0175_headline,Kogi election 2020: Etu e know about Kogi and Bayelsa elections
pcm_0176_topic,politics
pcm_0176_headline,Bola Tinubu and APC: Bola Tinubu don deny di rumour wey dey use to win 2023
pcm_0177_topic,politics
pcm_0177_headline,SERAP: Wetin to know about di law wey dey shake eye for property
pcm_0178_topic,politics
pcm_0178_headline,PDP National Convention 2021: Why e don win for 30 years
pcm_0179_topic,politics
pcm_0179_headline,Yemi Osinbajo: Nigeria Vice President Yemi Osinbajo declare im promise to goment for di 2020 president
pcm_0180_topic,politics
pcm_0180_headline,Bayelsa Governorship Election 2019: Supreme Court ban Douye Diri as winner of Bayelsa state
pcm_0181_topic,politics
pcm_0181_headline,Adams Oshiomhole: Adams Oshiomhole wey chop court order to resign as National Chairman of APC
pcm_0182_topic,entertainment
pcm_0182_headline,Christmas Day 2021: Wetin you need to know about di Christmas day
pcm_0183_topic,politics
pcm_0183_headline,Boris Johnson resign afta Supreme Court
pcm_0184_topic,business
pcm_0184_headline,Fatima Waziri-Azi: Minister of Wetin wetin you need to know about di Nigerian President
pcm_0185_topic,entertainment
pcm_0185_headline,Elizabeth Truss: See how di Queen don appoint new Prime Minister
pcm_0186_topic,politics
pcm_0186_headline,Emmanuel Macron win di 2020 election
pcm_0187_topic,politics
pcm_0187_headline,Babagana Zulum: 'I donk to fight Boko Haram' afta 2014 attack
pcm_0188_topic,politics
pcm_0188_headline,Joe Biden transfer power to Vice President Kamala Harris
pcm_0189_topic,politics
pcm_0189_headline,NDC list of 51 pipo wey dem say be parents and brother for Ghana
pcm_0190_topic,politics
pcm_0190_headline,Lai Mohammed: Why Buhari send 42 Ministers to Senate
pcm_0191_topic,politics
pcm_0191_headline,Ghana Presidential election 2020: NDC no go vote for Ghana presidential election
pcm_0192_topic,politics
pcm_0192_headline,Zamfara Governorship impeachment: Why e don sign impeachment for Zamfara state
pcm_0193_topic,politics
pcm_0193_headline,Edo election 2020: PDP dey move di date for Edo election
pcm_0194_topic,politics
pcm_0194_headline,Oyo State: See wetin you need to know about di govnor of Oyo state
pcm_0195_topic,politics
pcm_0195_headline,Donald Trump: Wetin you need to know about di US president
pcm_0196_topic,politics
pcm_0196_headline,Boris Johnson: UK Prime Minister Boris Johnson don resign
pcm_0197_topic,politics
pcm_0197_headline,Ghana 175th Independence Day 2023: Nigeria President Buhari visit Liberia
pcm_0198_topic,politics
pcm_0198_headline,Osun govnorship election: Buhari react to Ademola Adeleke
pcm_0199_topic,politics
pcm_0199_headline,Edo election 2020: APC don disqualify Edo governorship election
pcm_0200_topic,politics
pcm_0200_headline,"APC, PDP, PDP and PDP: 'I no need to know about di 20 years"
pcm_0201_topic,business
pcm_0201_headline,Nigeria president say US and UK advice to Nigeria for Nigeria
pcm_0202_topic,politics
pcm_0202_headline,Osun election 2022: PDP nominees for Osun govnorship election
pcm_0203_topic,politics
pcm_0203_headline,Bayelsa State House of Assembly: See wetin you need to know about di president
pcm_0204_topic,politics
pcm_0204_headline,Ekiti Governorship Election 2022: Wetin to know about di election
pcm_0205_topic,politics
pcm_0205_headline,Edo election 2021: Edo State go vote for 23 elections
pcm_0206_topic,politics
pcm_0206_headline,Covid-19 Ministers: Congo-Chass president appoint di son of di Cabinet Minister
pcm_0207_topic,sports
pcm_0207_headline,Mike Werner: Chelsea sign German football player wey dey play as RB Munich striker
pcm_0208_topic,sports
pcm_0208_headline,Ghana vs Nigeria: Black Stars beat Nigeria to win 2-0 for World Cup qualifiers
pcm_0209_topic,sports
pcm_0209_headline,Ghana vs Madagascar: Ghana go win Afcon 2021 tournament
pcm_0210_topic,sports
pcm_0210_headline,Kelechi Iheanacho: Leicester City go play di match against Legie Poland
pcm_0211_topic,sports
pcm_0211_headline,Atletico Madrid vs Real Madrid: Atletico Madrid na new champions of La Liga
pcm_0212_topic,sports
pcm_0212_headline,Champions League draw 2022: Uefa Champions League fixtures go know
pcm_0213_topic,health
pcm_0213_headline,Anthony Rudiner: Chelsea football player to buy face masks for market traders
pcm_0214_topic,sports
pcm_0214_headline,Euro 2020: Uefa don call meeting for Tuesday
pcm_0215_topic,sports
pcm_0215_headline,Southampton vs Southampton: Manchester United win 1-1 draw wit Southampton for Premier League
pcm_0216_topic,sports
pcm_0216_headline,Andre Ayew: Black Stars coach den Anthony Ayew den Thomas Agiepo miss di team recovery training
pcm_0217_topic,sports
pcm_0217_headline,Portugal vs Portugal: Ronaldo go face Spain for 3-0
pcm_0218_topic,sports
pcm_0218_headline,Real Madrid vs Barcelona: Aubameyang score 4-0 to Barcelona for El Clasico match
pcm_0219_topic,sports
pcm_0219_headline,Tokyo 2020 Olympics: China win di first Gold medal
pcm_0220_topic,sports
pcm_0220_headline,World Cup 2020: See di first female gender player dey pick to play for Olympics
pcm_0221_topic,sports
pcm_0221_headline,Champions League 2021: Chelsea vs Real Madrid draw for Champions League
pcm_0222_topic,sports
pcm_0222_headline,C.K Akonnor: Ghana Bafana Afcon 2021: Ghana vs South Africa coach wey dey call for CK Akonnor
pcm_0223_topic,sports
pcm_0223_headline,Liverpool vs Villareal: Liverpool beat Villareal to win 3-2
pcm_0224_topic,sports
pcm_0224_headline,Chelsea dey vote for Ronaldo
pcm_0225_topic,sports
pcm_0225_headline,Uefa Player of 2021 nominees list for Men's award
pcm_0226_topic,sports
pcm_0226_headline,Chieze Chiavo: How Nigeria midfielder Joshua Obi suffer racist abuse from Italy
pcm_0227_topic,sports
pcm_0227_headline,Chelsea vs Man City: Chelsea win 1-0 for group stage
pcm_0228_topic,sports
pcm_0228_headline,Uefa apologise to Liverpool and Real Madrid fans
pcm_0229_topic,sports
pcm_0229_headline,Kelechi Iheanacho: Leicester vs Brentford win for 2019
pcm_0230_topic,sports
pcm_0230_headline,World Cup 2021: South African Republic beat Nigeria 1-0 for Teslim Balogun
pcm_0231_topic,sports
pcm_0231_headline,Dominic Fobi: Ghana sports actor dey become 10 years old sports actress
pcm_0232_topic,sports
pcm_0232_headline,Manchester United vs Arsenal: Man United go face Champions League final stage
pcm_0233_topic,sports
pcm_0233_headline,Fifa Football Awards 2020: See di first time di World Cup Awards
pcm_0234_topic,sports
pcm_0234_headline,Karim Benzema win Ballon d'Or 2022 Ballon d’Or award
pcm_0235_topic,sports
pcm_0235_headline,Nigeria vs Cape Verde: Super Eagles win for 5m
pcm_0236_topic,sports
pcm_0236_headline,Indomitable Lions vs Nigeria: Wetin to know about di Afcon qualifiers
pcm_0237_topic,sports
pcm_0237_headline,Anthony Joshua vs Oleksandr Usyk: Anthony Joshua and Oleksandr Useyk fight for 2019
pcm_0238_topic,sports
pcm_0238_headline,Super Eagles 2021: Jose Peseiro as new coach for Super Eagles
pcm_0239_topic,sports
pcm_0239_headline,"Premier League, England vs South Africa: Premier League and England Football League fixtures for 2021"
pcm_0240_topic,sports
pcm_0240_headline,AFCON 2021: Nigeria Super Eagles go play friendly match
pcm_0241_topic,sports
pcm_0241_headline,Ghana vs Morocco: Ghana no fit win Afcon 2022
pcm_0242_topic,sports
pcm_0242_headline,Chelsea vs Chelsea: Chelsea fit join Barcelona to fight for Lewandowski
pcm_0243_topic,sports
pcm_0243_headline,Covid-19 lockdown: Manchester United players don die for di lockdown
pcm_0244_topic,sports
pcm_0244_headline,Ghana vs Switzerland: Black Stars win for Ghana 2022
pcm_0245_topic,sports
pcm_0245_headline,Cristiano Ronaldo: Cristiano Ronaldo say im wan win Ballon d'Or awards
pcm_0246_topic,sports
pcm_0246_headline,"Wafcon 2022 Women African Cup of World Cup 22: Zambia, Senegal, Cameroon, Senegal and Senegal win"
pcm_0247_topic,sports
pcm_0247_headline,Casemiro: Why im transfer move to Manchester United to Man United
pcm_0248_topic,sports
pcm_0248_headline,Tottenham vs Chelsea: Turkey club condemn racism abuse of John Mikel Obi for dia win
pcm_0249_topic,sports
pcm_0249_headline,Qatar World Cup 2022: 32 teams fit win Fifa World Cup
pcm_0250_topic,sports
pcm_0250_headline,Chelsea sack Frank Lampard afta im sack dia coach
pcm_0251_topic,sports
pcm_0251_headline,AFCON 2021: Nigeria Super Eagles vs Guinea Bissau for match Day three
pcm_0252_topic,sports
pcm_0252_headline,Nigeria Super Falcons win 0-3 to Germany
pcm_0253_topic,sports
pcm_0253_headline,Dare Esan: Wetin to know about di fraud scheme
pcm_0254_topic,sports
pcm_0254_headline,Manchester United vs France: Arsenal and Chelsea player dey happun for Qatar wia
pcm_0255_topic,sports
pcm_0255_headline,Covid-19: Players go dey dey handing am over to players
pcm_0256_topic,sports
pcm_0256_headline,Morocco vs Portugal: Morocco set new record for World Cup
pcm_0257_topic,sports
pcm_0257_headline,Afcon 2022: Afcon rules for Cameroon
pcm_0258_topic,sports
pcm_0258_headline,Chelsea don sell di sports club for £5.25bn
pcm_0259_topic,sports
pcm_0259_headline,Chelsea vs Manchester City: Chelsea vs Man City predictions for Premier League champions
pcm_0260_topic,sports
pcm_0260_headline,Arsenal vs Leicester City: Arsenal beat Leicester City for Premier League
pcm_0261_topic,sports
pcm_0261_headline,Anthony Joshua win 2021 title for Nigeria
pcm_0262_topic,sports
pcm_0262_headline,Premier League footballers go stop di 2022-23 match
pcm_0263_topic,sports
pcm_0263_headline,Real Madrid vs Chelsea: Real Madrid win Chelsea 5-4
pcm_0264_topic,sports
pcm_0264_headline,Manchester City vs Man City: Why di Liverpool go lose to Arsenal
pcm_0265_topic,sports
pcm_0265_headline,AFCON 2019: Cameroon vs Senegal: Cameroon go win for 1972
pcm_0266_topic,sports
pcm_0266_headline,"Man City dey to Barcelona for £42m, £46m"
pcm_0267_topic,sports
pcm_0267_headline,Luis Ronaldo: Why Ghana dey lose 12 years for Ghana
pcm_0268_topic,sports
pcm_0268_headline,Ghana vs Nigeria: Black Stars coach oda 33-man squad for 2023 World Cup qualifiers
pcm_0269_topic,sports
pcm_0269_headline,Barcelona vs Valencia: Lionel Messi score 643 goals for Barcelona 2-2
pcm_0270_topic,sports
pcm_0270_headline,West Ham dey reject 50m £42.2 million
pcm_0271_topic,sports
pcm_0271_headline,La Liga 2021: La Liga go fit resume for 8 June
pcm_0272_topic,sports
pcm_0272_headline,Man City vs Manchester City: Man City win Premier League match
pcm_0273_topic,sports
pcm_0273_headline,World Cup 2021: Why di African sports nominees wey dey win for Tokyo
pcm_0274_topic,sports
pcm_0274_headline,Lionel Messi: Barcelona player say e need to know about di season
pcm_0275_topic,sports
pcm_0275_headline,AFCON 2019: Morocco vs Morocco go win for di World Cup
pcm_0276_topic,sports
pcm_0276_headline,"Tottenham vs Barcelona: Tottenham, Tottenham, Eriksen, Kounde, De Jong, Harry Kane, 333 for Barcelona"
pcm_0277_topic,sports
pcm_0277_headline,Novak Djokovic collect im man's title for US Open 2019
pcm_0278_topic,sports
pcm_0278_headline,Asisat Oshoala: Nigeria Super Falcons player wey win di 2019 World Cup
pcm_0279_topic,sports
pcm_0279_headline,World Cup 2021: Australia don evacuate 50 women footballers from Afghanistan
pcm_0280_topic,sports
pcm_0280_headline,Sierra Leone vs Sierra Leone: See wetin you need to know about di club
pcm_0281_topic,sports
pcm_0281_headline,Argentina vs Croatia: Lionel Messi and Ronaldo take sabi dia semi-final match
pcm_0282_topic,sports
pcm_0282_headline,WaFCON 2022: Ba dey beat Nigeria 2-1 for World Cup
pcm_0283_topic,sports
pcm_0283_headline,Black Stars 2022: Black Stars go join Ghana for World Cup
pcm_0284_topic,sports
pcm_0284_headline,"Champions League 2021: Chelsea, Sevilla, Barcelona, Barcelona and Barcelona sign dia list"
pcm_0285_topic,sports
pcm_0285_headline,World Cup 2022: Five African teams wey win match
pcm_0286_topic,sports
pcm_0286_headline,AFCON 2021: Nigeria vs Tunisia: Tunisia win 1-0 to Tunisia
pcm_0287_topic,sports
pcm_0287_headline,Neymar: Police wey dey investigate rape accuse of rape
pcm_0288_topic,sports
pcm_0288_headline,Paul Pogba go leave Manchester United for £89m
pcm_0289_topic,sports
pcm_0289_headline,Champions League 2024: Uefa announce new form for Champions League
pcm_0290_topic,sports
pcm_0290_headline,World Cup 2020: Russia chop ban for Tokyo games
pcm_0291_topic,sports
pcm_0291_headline,Man City vs Paris St Germain: Premier League Champions League champions wey win for Champions League
pcm_0292_topic,sports
pcm_0292_headline,Commonwealth Games 2022: Chioma Onyekwere win Nigeria first gold medal
pcm_0293_topic,sports
pcm_0293_headline,UFC 259: Jan Blachovic beat Israel Adesanya for UFC 159
pcm_0294_topic,sports
pcm_0294_headline,Oga Laloko: Nigeria Football Federation former sports manager wey die afta death
pcm_0295_topic,sports
pcm_0295_headline,Victoria City vs Liverpool: Why di 2022 match dey arrest for 22th day
pcm_0296_topic,sports
pcm_0296_headline,"World Cup 2022: Ghana, Cameroon, Senegal, Nigeria, Senegal and Senegal dey qualify for group stage"
pcm_0297_topic,sports
pcm_0297_headline,Cristiano Ronaldo: Manchester United say dem dey take 'apta steps' afta Ronaldo
pcm_0298_topic,sports
pcm_0298_headline,Ghana vs Portugal: VAR say VAR dey give Cristiano Ronaldo penalty
pcm_0299_topic,sports
pcm_0299_headline,"Champions League 2019: Real Madrid vs Chelsea, Chelsea and Chelsea win"
pcm_0300_topic,sports
pcm_0300_headline,Peter Shua: Why we den say she make sex wit am
pcm_0301_topic,sports
pcm_0301_headline,Champions League fixtures: Liverpool vs Ajax match results
pcm_0302_topic,sports
pcm_0302_headline,Covid-19 cases: Novak Djokovic dey become new player to test positive for Covid 19
pcm_0303_topic,sports
pcm_0303_headline,Erica Williams: How di wife die inside fire for London
pcm_0304_topic,sports
pcm_0304_headline,Paul Pogba: See di new club wetin you need to know
pcm_0305_topic,sports
pcm_0305_headline,"Manchester City vs Manchester City: Arsenal, Manchester City sign new deal for Premier League"
ibo_0001_topic,business
ibo_0001_headline,Niger Delta: Ihe mere ndị Niger Delta ji na mmanụ agbịrị dị na be ha
ibo_0002_topic,business
ibo_0002_headline,Zimbabwe: Ihe ndị Zimbabwe na-eme n'otu nkeji na 2022
ibo_0003_topic,business
ibo_0003_headline,Black Friday: Etu ị ga-esi mara ndị Naịjirịa n'ahịa
ibo_0004_topic,business
ibo_0004_headline,Akụkọ kachasị n'ụtụtụ a: Fifa na P&ID akọwala ihe ndị ọzọ gbaturu n'abalị
ibo_0005_topic,business
ibo_0005_headline,George Moghalu: Ihe mere ndị Igbo ji bido ọrụ n'ahịa
ibo_0006_topic,business
ibo_0006_headline,Akụkọ kachasị n'afọ 2019: Ihe mere ndị ụlọomeiwu ji jụọ na mba ọzọ
ibo_0007_topic,business
ibo_0007_headline,Brexit: Lee ihe ị ga-eme maka ndị isi a
ibo_0008_topic,business
ibo_0008_headline,Akụkọ kachasị n'ụtụtụ a: Ihe mere m si aga n'Abuja
ibo_0009_topic,business
ibo_0009_headline,Etu ị ga-esi zụta ala n'ala Igbo
ibo_0010_topic,entertainment
ibo_0010_headline,Ada Chukwujekwu: Ihe mere m si kpụwa ndị mmadụ isi
ibo_0011_topic,business
ibo_0011_headline,Akụkọ kachasị n'afọ 2019: Ihe mere ndị Naịjirịa agaghị akwụ ụgwọ ụtụ isi ya
ibo_0012_topic,business
ibo_0012_headline,Akụkọ kachasị n'ụtụtụ a: Ihe ndị ọzọ mere m ji aga ahịa Cryptocurrency
ibo_0013_topic,business
ibo_0013_headline,AMAA Awards 2020: Ihe mere a ga-eme n'ụtụtụ a
ibo_0014_topic,business
ibo_0014_headline,Nigeria Trade Association: Ihe mere ndị Naịjirịa ji gbachie ụlọahịa ha na Ghana
ibo_0015_topic,health
ibo_0015_headline,Akụkọ kachasị n'ụtụtụ a: Ọkụ na-agba n'Enugwu steeti
ibo_0016_topic,business
ibo_0016_headline,Akụkọ kachasị n'ụtụtụ a: Ihe ndị Naịjirịa ga-esi na akwụkwọ njem ọhụrụ a ga-anọru afọ ise
ibo_0017_topic,business
ibo_0017_headline,Akụkọ kachasị n'ụtụtụ a: Etu m si aga n'otu nkeji
ibo_0018_topic,entertainment
ibo_0018_headline,Igbo Election 2019: Ụmụnwaanyị na-ere ahịa n'ahịa
ibo_0019_topic,business
ibo_0019_headline,Nigeria Trade Association: Ihe ndị Naịjirịa na-ere ahịa na Ghana
ibo_0020_topic,business
ibo_0020_headline,Etu anyị ga-eme ka ndị Naịjirịa si emepụtala 'bọda
ibo_0021_topic,business
ibo_0021_headline,Nwada Nwaanya: Ihe mere m si malite ọrụ ya n'ụlọọrụ ya
ibo_0022_topic,business
ibo_0022_headline,Akụkọ kachasị n'ụtụtụ a: Ihe ise ndị a ga-esi bido n'afọ 2020
ibo_0023_topic,business
ibo_0023_headline,Akụkọ kachasị n'ụtụtụ a: Ihe mere Naịjirịa ji gbada n'Afrịka
ibo_0024_topic,business
ibo_0024_headline,Elon Musk: Elon Musk abụrụla onye kachasị nwee ego n'akpa
ibo_0025_topic,business
ibo_0025_headline,Maduakalay: Ihe mere m ji arụ akpụụkwụ na-agba mbọ n'ụlọakụ
ibo_0026_topic,business
ibo_0026_headline,Fuel Subsidy: Ihe mere m ji ewepụ ego ndị a na-ere mmanụ ụgbọala
ibo_0027_topic,entertainment
ibo_0027_headline,Akụkọ kachasị n'ụtụtụ a: Lee ihe ise ndị a ga-eme ka ụmụ Naịjirịa si bido na Naịjirịa
ibo_0028_topic,business
ibo_0028_headline,Fuelator: Ihe ị kwesịrị ịma maka ọrụ a
ibo_0029_topic,business
ibo_0029_headline,Nigeria Market: Etu m si emepụta ahịa ndị mmadụ n'anya
ibo_0030_topic,business
ibo_0030_headline,Chi Udeogu: Ihe ise ị kwesịrị ịma maka ego si n'ụlọakụ
ibo_0031_topic,business
ibo_0031_headline,Akụkọ kachasị n'ụtụtụ a: Arịarịa na-ere ahịa n'Aba
ibo_0032_topic,politics
ibo_0032_headline,"Akụkọ kachasị n'ụtụtụ a: Jane Ogbuata, nwaanyị a na-eme ngagharịiwe n'Aba"
ibo_0033_topic,politics
ibo_0033_headline,Peter Obi: Ihe atọ ị kwesịrị ịma maka coronavirus
ibo_0034_topic,business
ibo_0034_headline,Adaeze Chukwune: Ihe mere m ji egbochi m ịrụ m ọrụ n'ụlọ
ibo_0035_topic,politics
ibo_0035_headline,Mazị Aniagbo: Ihe mere m ji bido ọrụ n'ụtụtụ a
ibo_0036_topic,business
ibo_0036_headline,Anambra Market: Ihe ndị a ga-eme maka ahịa 'Pyrose
ibo_0037_topic,business
ibo_0037_headline,Akụkọ kachasị n'ụtụtụ a: Ihe ndị a ga-eme n'ahịa
ibo_0038_topic,business
ibo_0038_headline,New Artesin Enugwu: Ihe ndị Igbo na-eme n'ụtụtụ a
ibo_0039_topic,business
ibo_0039_headline,CBN: Ihe ndị Naịjirịa ga-eme maka mmachi ibubata mmiri ara ehi
ibo_0040_topic,business
ibo_0040_headline,Akụkọ kachasị n'ụtụtụ a: Ihe ndị mmadụ na-ere ahịa a
ibo_0041_topic,business
ibo_0041_headline,Head Bridge: Ihe mere ndị ahịa ji bido ụzọ bara n'ahịa
ibo_0042_topic,entertainment
ibo_0042_headline,Ogbunna Ogbuki: Ihe mere ị ga-esi rụta ụlọala Igbo
ibo_0043_topic,business
ibo_0043_headline,Akụkọ kachasị n'afọ 2019: 'Etu m si azụ nchị
ibo_0044_topic,business
ibo_0044_headline,N710: Ihe atọ ị kwesịrị ịma maka ego dọla a na-ereta
ibo_0045_topic,business
ibo_0045_headline,Covid-19: Ihe ndị gọvanọ steeti Naịjirịa ga-eme maka coronavirus
ibo_0046_topic,business
ibo_0046_headline,Akụkọ kachasị n'ụtụtụ a: Ihe ndị a ga-esi emepụta mmanụ agbadi
ibo_0047_topic,business
ibo_0047_headline,Igbo business: Ihe mere ndị ụgbọala ji eme njem na-eme njem
ibo_0048_topic,business
ibo_0048_headline,Akụkọ kachasị n'ụtụtụ a: 'Etu m si gba ọkwa onyeisiala Naijiria
ibo_0049_topic,business
ibo_0049_headline,Hamughi Eberedu: Ihe mere m ji bụrụ onye Igbo na-akpa ike
ibo_0050_topic,business
ibo_0050_headline,Akụkọ kachasị n'ụtụtụ a: Ihe mere ndị bi na-esi azụ nchị
ibo_0051_topic,health
ibo_0051_headline,Etu ị kwesịrị ịma maka ịsa na ịwa ozu?
ibo_0052_topic,business
ibo_0052_headline,Fire Fever: Lee ihe mere ndị ụlọahịa si na-agbaọkụ
ibo_0053_topic,business
ibo_0053_headline,Ndubi Ekeme: Ihe mere m ji gbaa mbọ n'ihe na-ekwu maka ọrụ ndị Igbo
ibo_0054_topic,business
ibo_0054_headline,Etu ndị CBN si kpachie akpa ego ndị a na-eme n'ụlọakụ Naịjirịa
ibo_0055_topic,business
ibo_0055_headline,Onitsha Port: 'Etu m si aga n'Onisha Bridge
ibo_0056_topic,business
ibo_0056_headline,Chinmark: 'Etu m si egbochi ndị mmadụ ego na-akpụ afọ
ibo_0057_topic,business
ibo_0057_headline,Etu m si emepụta mmanụ nri a n'ala Igbo
ibo_0058_topic,business
ibo_0058_headline,Akụkọ kachasị n'ụtụtụ a: Etu m ga-ere mmanụ agbịrị anyị
ibo_0059_topic,business
ibo_0059_headline,Akụkọ kachasị n'ụtụtụ a: Ihe mere ndị na-ere mmanụ ụgbọala na Naịjirịa ji kwụ
ibo_0060_topic,entertainment
ibo_0060_headline,Akụkọ kachasị n'afọ 2019: Lee ihe ndị Igbo na-emeta n'ime ụlọ
ibo_0061_topic,religion
ibo_0061_headline,Akụkọ kachasị n'ụtụtụ a: Ihe mere ndị Igbo jikọrọ ndị Igbo na ndị ọzọ
ibo_0062_topic,entertainment
ibo_0062_headline,Davido: A ga-amalite ịkpọ Davido 'chie
ibo_0063_topic,entertainment
ibo_0063_headline,Chikelu: Ihe mere m ji mara ndị Igbo na-eme n'ala Igbo
ibo_0064_topic,entertainment
ibo_0064_headline,Kardashians: 'Etu m ji aka m mee onwe m na-akwafu akwafu
ibo_0065_topic,entertainment
ibo_0065_headline,BBNaija 2021: Etu m si aga n'ime ụlọ a
ibo_0066_topic,entertainment
ibo_0066_headline,Akụkọ kachasị n'ụtụtụ a: Lee ihe mere ndị nne Naịjirịa ji bụrụ ụmụnwaanyị n'anwụ
ibo_0067_topic,entertainment
ibo_0067_headline,Etu ndị Igbo si aga n'ala Igbo ga-eme n'otu nkeji
ibo_0068_topic,entertainment
ibo_0068_headline,Big Brother Naija 2019: Ihe ndị Igbo ga-eme n'emume 'Big Brother
ibo_0069_topic,entertainment
ibo_0069_headline,Rita Dominic: Lee ihe mere m ji aṅụ na soshal midia
ibo_0070_topic,entertainment
ibo_0070_headline,Chioma Inyan: Ihe mere m ji agbamakwụkwọ n'ime afọ 2019
ibo_0071_topic,politics
ibo_0071_headline,Akụkọ kachasị n'ụtụtụ a: Etu e si echeta mmeri n'isi ya
ibo_0072_topic,entertainment
ibo_0072_headline,BBNaija Lockdown: Lee ihe mere m ji kpụrụ ya n'ọnụ
ibo_0073_topic,entertainment
ibo_0073_headline,Jimnastics: Lee ihe mere m ji bụrụ ọkaibe n'egwuregwu ụmụaka
ibo_0074_topic,entertainment
ibo_0074_headline,Davido: Etu m si tere ya ego n'otu nkeji
ibo_0075_topic,health
ibo_0075_headline,Lizzy Ezueme: Ihe mere m ji echeta m na m ga-anwụ
ibo_0076_topic,entertainment
ibo_0076_headline,Etu ị ga-esi biri n'afọ a
ibo_0077_topic,entertainment
ibo_0077_headline,Etu ị ga-eme ka nwaanyị mụrụ nwa ọhụrụ aka n'isi
ibo_0078_topic,entertainment
ibo_0078_headline,Kim Anku: Lee ihe ndị a ga-eme ejije Nollywood
ibo_0079_topic,entertainment
ibo_0079_headline,Michael Chibunna Joshua: Etu m si bụrụ onye ọrụ ịkpa ọchị n'otu nkeji
ibo_0080_topic,entertainment
ibo_0080_headline,Osinachi Nwachukwu: Ihe mere Peter Nwachukwu si gbuo Peter Nwachukwu
ibo_0081_topic,entertainment
ibo_0081_headline,Amaka Igwe: Lee ihe mere m ji eme ọnụ na Naịjirịa
ibo_0082_topic,entertainment
ibo_0082_headline,Etu ị ga-esi mụọ gị n'alaụwa
ibo_0083_topic,entertainment
ibo_0083_headline,Yul Edochie: 'Etu m si eme n'afọ 2023' - Pete Edochie
ibo_0084_topic,entertainment
ibo_0084_headline,Kayo O kaanya na ndị Igbo na-agwọ ọgwụ?
ibo_0085_topic,entertainment
ibo_0085_headline,Charles Okoro: Ihe mere m si gbuo 'Ibu Jr
ibo_0086_topic,business
ibo_0086_headline,Instagram: Ihe ị kwesịrị ịma maka ndị isiojii Afrịka
ibo_0087_topic,entertainment
ibo_0087_headline,Madu Mfele Anthony: Etu m si agba egwu 'balle
ibo_0088_topic,entertainment
ibo_0088_headline,Charles Okpaleke: Lee ihe mere m si malite ime ihe ejije
ibo_0089_topic,entertainment
ibo_0089_headline,Igbo Women's Day: Ihe mere e ji enye ụmụnwaanyị ụlọ azụ n'otu nwaanyị
ibo_0090_topic,entertainment
ibo_0090_headline,Whitemoney: Ihe ise ị kwesịrị ịma maka Whitemoney
ibo_0091_topic,entertainment
ibo_0091_headline,Etu ị ga-esi gbuo ụmụnwaanyị n'ike na etu e si rịwa
ibo_0092_topic,entertainment
ibo_0092_headline,Wilder Smith: Lee ihe mere m ji ewepụla onwe m n'otu 'Oscars
ibo_0093_topic,entertainment
ibo_0093_headline,Ozubu Mbadiwe: Ihe mere m ji mara ndị Igbo n'otu nkeji
ibo_0094_topic,entertainment
ibo_0094_headline,Kaff Kareem Ahmed: Ihe mere ndị uweojii na-enyocha kaffị ka ha na-ekwu maka 'Big Brother Nigeria
ibo_0095_topic,entertainment
ibo_0095_headline,Igbo Women's Day: Etu ndị Igbo ji mara ụmụnwaanyị Igbo
ibo_0096_topic,entertainment
ibo_0096_headline,Cynthia Okeke na Uchegidi: Ihe ndị a ga-eme n'izu a
ibo_0097_topic,entertainment
ibo_0097_headline,Ada Jesus: Etu m si gbaghara Ada Jesus
ibo_0098_topic,entertainment
ibo_0098_headline,Blessing Osina: Lee ihe mere m ji lụọ nwaanyị na-anyụ nwunye m
ibo_0099_topic,entertainment
ibo_0099_headline,Tyson Perry: Lee ihe mere m ji bụrụ okpokoro n'afọ 51
ibo_0100_topic,entertainment
ibo_0100_headline,Ikuforji Olaita: Etu m ji 'Oxlade' mara si gbaa n'anwụ
ibo_0101_topic,entertainment
ibo_0101_headline,Akụkọ kachasị n'ụtụtụ a: Lee ihe ndị a ga-eme maka ejije Nollywood
ibo_0102_topic,entertainment
ibo_0102_headline,Chris Okagbue: Ihe mere m ji eme ihe onyonyo na Nollywood
ibo_0103_topic,entertainment
ibo_0103_headline,Ada Jesus: Etu ndị Ada Jesus si metụta ya n'ụtụtụ a
ibo_0104_topic,entertainment
ibo_0104_headline,Celine Dion: Ihe mere m ga-esi agwọ ọrịa a
ibo_0105_topic,entertainment
ibo_0105_headline,Igbo Women's Day: Etu ụmụnwaanyị Igbo si kụọrọ ya ọfọ
ibo_0106_topic,entertainment
ibo_0106_headline,Miss World 2021: Ihe mere m ji bụrụ nwaanyị kachasị mma n'asọmpi Miss World
ibo_0107_topic,entertainment
ibo_0107_headline,E-money: Ihe mere e ji 'E-money' mara ndị uweojii
ibo_0108_topic,entertainment
ibo_0108_headline,"Big Brother Naija 2021: Whitemoney, Whitemoney na ihe ndị ọzọ ị kwesịrị ịma maka ya"
ibo_0109_topic,entertainment
ibo_0109_headline,See ihe mere n'ụtụtụ a na-eme maka ọnwụ ya?
ibo_0110_topic,entertainment
ibo_0110_headline,Wizkid: Ihe mere ka ị ga-eme ka ị ma na-ezute 'Ogba Igbo
ibo_0111_topic,sports
ibo_0111_headline,Chichi Igbo: Etu m si akọwa ihe mere m ji na-agabiga n'otu nkeji
ibo_0112_topic,entertainment
ibo_0112_headline,Etu 'aka Chukwu dị ya' si eme na Twitter
ibo_0113_topic,entertainment
ibo_0113_headline,Etu ị ga-esi mara ndị Igbo
ibo_0114_topic,entertainment
ibo_0114_headline,Igbo Women's Day: Ihe ndị a na-echi ụmụnwaanyị ejije n'ala Igbo
ibo_0115_topic,entertainment
ibo_0115_headline,Charly Boy: Lee ihe mere m ji mara m n'otu nwaanyị
ibo_0116_topic,entertainment
ibo_0116_headline,Akụkọ kachasị n'ụtụtụ a: Ihe ndị a na-eme n'obi
ibo_0117_topic,entertainment
ibo_0117_headline,Etu m si agbamakwụkwọ ga-eme n'afọ 2022
ibo_0118_topic,entertainment
ibo_0118_headline,Zaah: 'Etu m si azọ ọkwa onyeisi ụlọomeiwu n'otu nkeji
ibo_0119_topic,entertainment
ibo_0119_headline,Chigozie Imo State: 'Etu m si bido n'Imo steeti
ibo_0120_topic,entertainment
ibo_0120_headline,Nwayeocha: Ihe mere m ji mara ndị Igbo na soshal midia
ibo_0121_topic,entertainment
ibo_0121_headline,Emeka Amakaeze: Ihe mere m ji eme n'ejije na Nollywood
ibo_0122_topic,entertainment
ibo_0122_headline,AMVCA 2022: Etu m si ritere ihe mmeri n'afọ 27
ibo_0123_topic,entertainment
ibo_0123_headline,Dilabi Onyeama: Ihe mere m ji mara m na akwụkwọ a
ibo_0124_topic,entertainment
ibo_0124_headline,Naira Marley: Ihe ndị a na-awakpo ya n'afọ 2020
ibo_0125_topic,entertainment
ibo_0125_headline,See ihe mere m ji bido ọrụ ịkpa ọchị na soshal midia
ibo_0126_topic,entertainment
ibo_0126_headline,Valentine Day: Etu ị ga-esi aṅụrị ụbọchị Valentine
ibo_0127_topic,health
ibo_0127_headline,Coronavirus in Nigeria: Ihe ndị a ga-eme n'ime ụlọ ndị a
ibo_0128_topic,entertainment
ibo_0128_headline,Nudu Wazobia: Ihe mere m ji hapụ Nedu wazobia
ibo_0129_topic,politics
ibo_0129_headline,Mercy Maduka: Ihe mere m si echeta 'Cscharis' maka akwamozu
ibo_0130_topic,entertainment
ibo_0130_headline,Annie Jonge: Ihe mere m ji bụrụ nwaanyị ọzọ n'ime ejije
ibo_0131_topic,entertainment
ibo_0131_headline,Pericoma: Etu m si akọwa ụzọ ụkwụ m n'ike
ibo_0132_topic,entertainment
ibo_0132_headline,Pete Edochie: Etu m si metụta ndị Igbo
ibo_0133_topic,entertainment
ibo_0133_headline,Ka ọ ga-alaghachi n'ọrụ ya na UK?
ibo_0134_topic,health
ibo_0134_headline,Kim Kardashian: Gịnị ka ọrịa 'lupus' si agwọ gị?
ibo_0135_topic,health
ibo_0135_headline,Akụkọ kachasị n'ụtụtụ a: Ihe mere ndị Naịjirịa ji agwọ ibu
ibo_0136_topic,health
ibo_0136_headline,Nafdac emechiela ụlọọgwụ atọ a na-ere ọgwụ atọ
ibo_0137_topic,health
ibo_0137_headline,Patience Chimah: Ihe ise ị kwesịrị ịma maka nri ga-esi agwọ gị
ibo_0138_topic,health
ibo_0138_headline,Dementia: Ihe ise ị kwesịrị ịma maka ọrịa a
ibo_0139_topic,health
ibo_0139_headline,Coronavirus in Nigeria: Lee ihe ị ga-eji 'gloves' na-agwọ ọrịa coronavirus
ibo_0140_topic,business
ibo_0140_headline,Wetin ị ga-eme maka mmiri ara ehi?
ibo_0141_topic,health
ibo_0141_headline,Lafiya Zinariya: Ihe mere m ji agwọ ọrịa kansa
ibo_0142_topic,health
ibo_0142_headline,Covid-19: Ihe ise ị kwesịrị ịma maka ọrịa coronavirus
ibo_0143_topic,health
ibo_0143_headline,Coronavirus in Nigeria: Ihe mere ndị na-agwọ coronavirus
ibo_0144_topic,health
ibo_0144_headline,Coronavirus in Nigeria: Ihe ga-agwọta coronavirus?
ibo_0145_topic,health
ibo_0145_headline,Covid-19: Ihe mere m si agwọ coronavirus?
ibo_0146_topic,health
ibo_0146_headline,Covid-19: Ihe mere ndị mmadụ si agwọ coronavirus
ibo_0147_topic,health
ibo_0147_headline,Covid-19: Ihe mere ndị Naịjirịa si egbochi coronavirus
ibo_0148_topic,health
ibo_0148_headline,Covid-19: Gịnị bụ ọrịa coronavirus?
ibo_0149_topic,health
ibo_0149_headline,Madagascar Covid-19: Ihe ị kwesịrị ịma maka ọrịa coronavirus
ibo_0150_topic,health
ibo_0150_headline,Coronavirus in Nigeria: Ihe mere ndị ọrịa coronavirus si emetụta ndị mmadụ na Naịjirịa
ibo_0151_topic,health
ibo_0151_headline,Coronavirus in Nigeria: Etu ndị Naịjirịa si akwụ maka coronavirus
ibo_0152_topic,health
ibo_0152_headline,Lassa Lassa: Ihe mere ị ga-eji aṅụ aṅụ n'ọkụ na-ebute ọrịa
ibo_0153_topic,health
ibo_0153_headline,Etu ị ga-emeju anụ na-atatara gị nsogbu
ibo_0154_topic,health
ibo_0154_headline,Coronavirus in Nigeria: Ihe mere ndị mmadụ si eme akwamozu n'Abuja
ibo_0155_topic,health
ibo_0155_headline,Covid-19: Ihe mere ndị Naịjirịa si egbochi coronavirus
ibo_0156_topic,health
ibo_0156_headline,Vaginas: Etu m si amụ nwaanyị tọrọ n'ime ọtụ nwaanyị
ibo_0157_topic,religion
ibo_0157_headline,Akụkọ kachasị n'ụtụtụ a: Ihe mere ndị ụkọchukwu Katọlik si aga n'ụlọụka
ibo_0158_topic,politics
ibo_0158_headline,Akụkọ kachasị n'ụtụtụ a: Ihe ndị a si na-eme n'otu nkeji
ibo_0159_topic,health
ibo_0159_headline,Covid-19: Ihe ndị na-arụ ọgwụike n'Enugwu
ibo_0160_topic,health
ibo_0160_headline,World Blood Donor Day 2019: Etu ndị mmadụ si mee maka inye ọbara
ibo_0161_topic,health
ibo_0161_headline,Etu ị ga-esi egbochi Hepatitis n'otu nkeji
ibo_0162_topic,health
ibo_0162_headline,Health Day: Ihe mere ndị mmadụ ji agwọ gị n'afọ mgbu
ibo_0163_topic,business
ibo_0163_headline,Anambra State: Ihe mere anyị ji na-agba abụbụọrụ
ibo_0164_topic,business
ibo_0164_headline,Coronavirus in Nigeria: Ihe ndị Igbo na-eme n'oge coronavirus
ibo_0165_topic,health
ibo_0165_headline,Sopuruchi Okorocha: Ihe mere m jisie ike n'ime afọ abụọ a
ibo_0166_topic,health
ibo_0166_headline,Coronavirus: Ihe ndị a ga-esi egbochi afọ ime na ụmụnwaanyị
ibo_0167_topic,business
ibo_0167_headline,Coronavirus in Nigeria: Ihe ise ị kwesịrị ịma maka ahịa nri
ibo_0168_topic,health
ibo_0168_headline,HIV-AIDS: Lee ihe ị kwesịrị ịma maka nwaanyị na-eyi akwa nwaanyị
ibo_0169_topic,health
ibo_0169_headline,Broken Heart Syndrome: Ihe ise ị kwesịrị ịma maka ọrịa a
ibo_0170_topic,health
ibo_0170_headline,Health Day: Etu ị ga-esi agwọ ọrịa tere aka
ibo_0171_topic,health
ibo_0171_headline,Covid-19: Ihe ị kwesịrị ịma maka ọrịa coronavirus
ibo_0172_topic,health
ibo_0172_headline,Covid-19: Ihe ndị Naịjirịa na-eme n'obi
ibo_0173_topic,health
ibo_0173_headline,Okeite: Ihe mere m si agwọ ọgwụ ndị Igbo
ibo_0174_topic,health
ibo_0174_headline,Coronavirus in Nigeria: Ihe ndị mmadụ na-ekwu maka coronavirus na Naịjirịa
ibo_0175_topic,health
ibo_0175_headline,Coronavirus in Nigeria: Ihe mere anyị ma ọ ma maka ọrịa coronavirus
ibo_0176_topic,health
ibo_0176_headline,Coronavirus in Nigeria: A ga-agba n'ụlọ inyocha ndị a na-eche na coronavirus
ibo_0177_topic,health
ibo_0177_headline,Igbokwe: Etu m si aga n'oge na-ebute ọrịa a
ibo_0178_topic,health
ibo_0178_headline,Etu ị ga-esi mara nwaanyị ime?
ibo_0179_topic,business
ibo_0179_headline,Etu ị ga-esi agwọ gị n'otu nkeji
ibo_0180_topic,health
ibo_0180_headline,Coronavirus in Nigeria: Ihe ị kwesịrị ịma maka ọrịa coronavirus
ibo_0181_topic,health
ibo_0181_headline,Akụkọ kachasị n'ụtụtụ a: Ihe ise ị ga-eme maka ịṅụ mmanya
ibo_0182_topic,health
ibo_0182_headline,Covid-19 Vaccine: Ihe mere m si agwọ ndị na-arịa coronavirus
ibo_0183_topic,health
ibo_0183_headline,CDs: Gịnị bụ ọrịa ndị a na-ebute?
ibo_0184_topic,health
ibo_0184_headline,Coronavirus: Ihe ndị a ga-esi egbochi afọ ime na ụmụnwaanyị
ibo_0185_topic,health
ibo_0185_headline,Nwada Okoli: Ihe mere m ji gbapụ isi n'otu nkeji
ibo_0186_topic,health
ibo_0186_headline,Akụkọ kachasị n'ụtụtụ a: Ihe ị kwesịrị ịma maka mwakpo ụmụnwaanyị
ibo_0187_topic,health
ibo_0187_headline,Covid-19: Mba UK abụrụla mba kachasị n'otu nkeji maka ọrịa coronavirus
ibo_0188_topic,health
ibo_0188_headline,Nwakanma Uche: Gọọmentị Naịjirịa anwụchiela Nwoke n'Abuja
ibo_0189_topic,entertainment
ibo_0189_headline,Etu ị ga-esi mara ụmụaka ihe ndị ọzọ n'otu nkeji
ibo_0190_topic,health
ibo_0190_headline,Coronavirus in Nigeria: Ihe ị kwesịrị ịma maka coronavirus
ibo_0191_topic,health
ibo_0191_headline,Coronavirus in Nigeria: Ihe mere m si agwọ coronavirus n'ala a
ibo_0192_topic,health
ibo_0192_headline,Etu ị ga-esi emetụta nwaanyị na-eme n'ahụ ya
ibo_0193_topic,health
ibo_0193_headline,Coronavirus in Nigeria: Etu m si egbochi coronavirus
ibo_0194_topic,health
ibo_0194_headline,Coronavirus in Nigeria: Ihe ị kwesịrị ịma maka coronavirus
ibo_0195_topic,health
ibo_0195_headline,Health Day: Etu ị ga-esi mara gị n'ụra
ibo_0196_topic,health
ibo_0196_headline,Coronavirus in Nigeria: Etu m si agwọ coronavirus?
ibo_0197_topic,health
ibo_0197_headline,Rasectomy': Lee ihe ndị a ga-esi egbochi ime nwaanyị ime
ibo_0198_topic,health
ibo_0198_headline,Nwaanyị na-ebute afọ ime n'otu nkeji
ibo_0199_topic,health
ibo_0199_headline,Coronavirus: Ihe ise ị kwesịrị ịma maka ọrịa ndị a
ibo_0200_topic,health
ibo_0200_headline,Akụkọ kachasị n'ụtụtụ a: Ihe ise ị kwesịrị ịma maka ọnwụ ụmụaka amụ ọhụrụ
ibo_0201_topic,health
ibo_0201_headline,Covid-19: Lee ọgwụ ndị a ga-agwọ ọrịa ebola
ibo_0202_topic,health
ibo_0202_headline,Omicron: Ihe ị kwesịrị ịma maka Covid-19
ibo_0203_topic,health
ibo_0203_headline,Akụkọ kachasị n'ụtụtụ a: Etu ị ga-esi gbuo ụmụaka n'ahịa
ibo_0204_topic,business
ibo_0204_headline,Covid-19: Ihe ị ga-eme maka ọrịa coronavirus
ibo_0205_topic,health
ibo_0205_headline,Pulmonary fibrosis: Etu ị ga-esi agwọ ọrịa ndị ọzọ
ibo_0206_topic,health
ibo_0206_headline,Coronavirus in Nigeria: Ihe mere coronavirus ji agwọ ya
ibo_0207_topic,health
ibo_0207_headline,Covid-19 n'ụwa na-agwọ ọrịa coronavirus
ibo_0208_topic,health
ibo_0208_headline,Coronavirus: Ihe ị kwesịrị ịma maka 'herd immunity
ibo_0209_topic,health
ibo_0209_headline,Etu ị ga-esi metụta nwaanyị n'afọ
ibo_0210_topic,health
ibo_0210_headline,Health Day: Ihe ndị a ga-esi agwọta ụmụ nwaanyị
ibo_0211_topic,entertainment
ibo_0211_headline,Oshian: Etu m si zute m n'ime m
ibo_0212_topic,health
ibo_0212_headline,Women's Day: Lee ihe ị ga-eme ka nwaanyị dị ime na-eme n'afọ ime
ibo_0213_topic,health
ibo_0213_headline,Covid-19: Ihe mere nwoke a ji nwụọ n'otu nkeji
ibo_0214_topic,health
ibo_0214_headline,Coronavirus in Nigeria: Lee ihe mere anyị ga-esi agwọ coronavirus?
ibo_0215_topic,health
ibo_0215_headline,Coronavirus in Nigeria: Ihe mere m ji agwọ ọrịa coronavirus
ibo_0216_topic,health
ibo_0216_headline,Covid-19 in Nigeria: Ihe mere mba Briten ji tinye coronavirus n'otu nkeji
ibo_0217_topic,health
ibo_0217_headline,Coronavirus in Nigeria: Ihe ndị ọzọ ị kwesịrị ịma maka ọrịa coronavirus
ibo_0218_topic,business
ibo_0218_headline,Etu ndị dibịa Igbo si akwụghị ụgwọ ọnwa ha
ibo_0219_topic,politics
ibo_0219_headline,Akụkọ kachasị n'ụtụtụ a: Ihe mere m ji azọ ọkwa onyeisiala
ibo_0220_topic,politics
ibo_0220_headline,Peter Obi na-azọ ọkwa gọvanọ Anambra steeti
ibo_0221_topic,politics
ibo_0221_headline,Akụkọ kachasị n'ụtụtụ a: Ihedioha na-ekwu maka Kingsley Obiora
ibo_0222_topic,politics
ibo_0222_headline,Akụkọ kachasị n'ụtụtụ a: Peter Onoja aṅụọla ọrụ dịka osote gọvanọ Kogi steeti
ibo_0223_topic,business
ibo_0223_headline,Fahin Saleh: Ihe mere m si chọta ozu nwoke a n'otu nkeji
ibo_0224_topic,politics
ibo_0224_headline,Uche Ekwumere: Ihe ndị PDP na-eme n'ụtụtụ a - Nnamdi Nwobu
ibo_0225_topic,politics
ibo_0225_headline,Akụkọ kachasị n'ụtụtụ a: Ihe ị kwesịrị ịma maka 'congress
ibo_0226_topic,politics
ibo_0226_headline,Akụkọ kachasị n'ụtụtụ a: Ndị ọkaikpe Enugwu steeti agbaala ndị ọkaikpe
ibo_0227_topic,politics
ibo_0227_headline,Akụkọ kachasị n'ụtụtụ a: Uche Mefor akọwala ihe ndị a na-eme n'ime ya
ibo_0228_topic,entertainment
ibo_0228_headline,Kenneth Okonkwo: Etu ndị Igbo si azọta ọkwa onyeisiala
ibo_0229_topic,entertainment
ibo_0229_headline,Busola Dakolo: 'Etu m si aga n'akwụkwọ ịwakpo m n'ike
ibo_0230_topic,politics
ibo_0230_headline,PDP Election 2023: Atiku na-azọ ọkwa onyeisiala Naịjirịa
ibo_0231_topic,politics
ibo_0231_headline,Igbo President: Ihe mere ndị Ọwụwa-Anyanwụ ji bụrụ onyeisiala
ibo_0232_topic,politics
ibo_0232_headline,Peter Obi: Etu Elon Musk si metụta Peter Obi ji ọkwa onyeisiala Naịjirịa
ibo_0233_topic,politics
ibo_0233_headline,Peter Nwaobishi na Sam Anyanwu: Ihe ndị ụlọomeiwu na-ekwu maka ebubo nrụrụaka
ibo_0234_topic,politics
ibo_0234_headline,Pete Edochie: Ihe mere Tinubu na ndị ọzọ ji ewu ugbua
ibo_0235_topic,politics
ibo_0235_headline,Orji Uzor Kalu: Ihe mere Tinubu na-azọ ọkwa onyeisiala na 2023
ibo_0236_topic,business
ibo_0236_headline,Akụkọ kachasị n'ụtụtụ a: Ngige agbaọla ụkwụ n'aka ya
ibo_0237_topic,politics
ibo_0237_headline,Ifeanyi Egbo: Ihe mere m ji azọ ọkwa gọvanọ Enugu-S
ibo_0238_topic,politics
ibo_0238_headline,Ifeanyi Ejiofor: Ihe mere Nnamdi Kanu ga-eme n'aka DSS
ibo_0239_topic,politics
ibo_0239_headline,Donald Trump: Ihe mere ndị Naịjirịa ji aṅụrị maka mmeri Trump
ibo_0240_topic,politics
ibo_0240_headline,Biodun Oyebanji ga-azọ ọkwa gọvanọ steeti Ekiti steeti
ibo_0241_topic,politics
ibo_0241_headline,Chris Ngige: Ihe mere m ji akọwara ya na Arthur Eze
ibo_0242_topic,religion
ibo_0242_headline,Akụkọ kachasị n'ụtụtụ a: Fada Mbaka na-achọ n'ụlọikpe
ibo_0243_topic,religion
ibo_0243_headline,Akụkọ kachasị n'ụtụtụ a: Ụkọchukwu Katọlik a kwụsị ọrụ n'ike
ibo_0244_topic,politics
ibo_0244_headline,Mbazulike Amechi: Ihe mere m si metụta ndị Igbo
ibo_0245_topic,politics
ibo_0245_headline,Akụkọ kachasị n'ụtụtụ a: Ihe ndị a ga-eme maka ntuliaka na Naịjirịa
ibo_0246_topic,politics
ibo_0246_headline,Okwesilieze Nwodo: Ihe ga-eme n'afọ 2023
ibo_0247_topic,politics
ibo_0247_headline,Anambra Governorship Election 2020: Ihe mere m ga-eme maka ntuliaka gọvanọ Anambra steeti
ibo_0248_topic,politics
ibo_0248_headline,Akụkọ kachasị n'ụtụtụ a: Aisha Buhari amụnyela ọkụ na soshal midia
ibo_0249_topic,politics
ibo_0249_headline,Donald Trump: Ihe ị kwesịrị ịma maka ihe ndị a ga-eme n'otu nkeji
ibo_0250_topic,politics
ibo_0250_headline,Akụkọ kachasị n'ụtụtụ a: Lee ihe ndị ọzọ si-eme n'abalị a
ibo_0251_topic,politics
ibo_0251_headline,Etu ndị ntorobia ga-esi egbochi mkpụ nnwereonwe na Naịjirịa
ibo_0252_topic,politics
ibo_0252_headline,Nigeria Election 2019: 'Etu m si aga n'otu mbaụwa
ibo_0253_topic,business
ibo_0253_headline,Ned Nwoko: 'Etu m ji nwuchie nna m na mkpọrọ
ibo_0254_topic,politics
ibo_0254_headline,Akụkọ kachasị n'ụtụtụ a: AFCON 2020: A ga-eme ntuliaka imeụlọ APC n'Ekiti
ibo_0255_topic,politics
ibo_0255_headline,Anambra Election 2023: Ihe mere PDP ga-eso PDP n'ụtụtụ a
ibo_0256_topic,politics
ibo_0256_headline,Akụkọ kachasị n'ụtụtụ a: Ihe jikọrọ ndị Ipob na Japan
ibo_0257_topic,entertainment
ibo_0257_headline,Akụkọ kachasị n'ụtụtụ a: Etu m si kpụ n'ọnụ
ibo_0258_topic,politics
ibo_0258_headline,Rivers State Election 2019: Akụkọ kachasị n'ụtụtụ a: Lee ihe ndị mmadụ na-eme ntuliaka ndị Rivers steeti
ibo_0259_topic,politics
ibo_0259_headline,Akụkọ kachasị n'ụtụtụ a: Ipob na-ekwu maka ntuliaka 2019
ibo_0260_topic,politics
ibo_0260_headline,Nnamdi Kanu: Ihe m ga-eme maka Nnamdi Kanu
ibo_0261_topic,politics
ibo_0261_headline,Akụkọ kachasị n'ụtụtụ a: Kim Jong-un ga-esi aga mba Amerịka
ibo_0262_topic,politics
ibo_0262_headline,Rochas Okorocha: Ihe ndị Igbo na-ekwu maka ntuliaka 2023
ibo_0263_topic,politics
ibo_0263_headline,Akụkọ kachasị n'ụtụtụ a: Atiku na-azọ ọkwa onyeisiala mba Kenya
ibo_0264_topic,business
ibo_0264_headline,Etu ndị Igbo ji achụnta ego na soshal midia
ibo_0265_topic,religion
ibo_0265_headline,Ejike Mbaka: Peter Obi agaghị abụnata onyeisiala Naịjirịa
ibo_0266_topic,politics
ibo_0266_headline,Akụkọ kachasị n'ụtụtụ a: NLC akwụsịla ọrụ ha
ibo_0267_topic,politics
ibo_0267_headline,Akụkọ kachasị n'ụtụtụ a: Aisha Buhari na-eme ihe ndị ọzọ dị mkpa n'otu nkeji
ibo_0268_topic,politics
ibo_0268_headline,Ebele Obiano: Ihe mere Obika ji 'ma m ụra
ibo_0269_topic,politics
ibo_0269_headline,Femi Fani-Kayode: Ihe mere m na-esitela Naịjirịa na Naịjirịa
ibo_0270_topic,politics
ibo_0270_headline,Akụkọ kachasị n'ụtụtụ a: Ekweremadu achịala n'ọkwa
ibo_0271_topic,politics
ibo_0271_headline,Imo State: Ihe mere ụlọomeiwu Imo steeti kposa ndịisioche 12 na steeti Imo steeti
ibo_0272_topic,politics
ibo_0272_headline,Nigeria Election 2019: Ihe ndị a na-eme n'ụtụtụ a - Inec
ibo_0273_topic,business
ibo_0273_headline,Ukraine vs Ukraine: Mba Ukraine na-ebunye mba Ukraine ụlọagha ndị ọzọ
ibo_0274_topic,politics
ibo_0274_headline,Akụkọ kachasị n'ụtụtụ a: Ihe ndị a ga-eme na mba Naịjirịa
ibo_0275_topic,politics
ibo_0275_headline,Abia State Election: Ihe mere na-eme ntuliaka 2021
ibo_0276_topic,politics
ibo_0276_headline,Akụkọ kachasị n'ụtụtụ a: 'Etu m si kpụ n'echi steeti
ibo_0277_topic,politics
ibo_0277_headline,Akụkọ kachasị n'ụtụtụ a: Onye na-azọ ọkwa gọvanọ Naịjirịa n'Imo
ibo_0278_topic,politics
ibo_0278_headline,Ipob: Ihe ndị Igbo ga-eme n'Ọwuwa Anyanwu Naịjirịa
ibo_0279_topic,politics
ibo_0279_headline,Anambra State Election 2021: Andy Uba na-eme ntuliaka imeụlọ APC
ibo_0280_topic,politics
ibo_0280_headline,Akụkọ kachasị n'ụtụtụ a: Ihe mere ndị Igbo ji ọkwa onyeisiala Naịjirịa
ibo_0281_topic,politics
ibo_0281_headline,Akụkọ kachasị n'ụtụtụ a: Ipob agwala gọomentị Naịjirịa ka ha na-egbu ndị uweojii
ibo_0282_topic,politics
ibo_0282_headline,Akụkọ kachasị n'ụtụtụ a: APC na PDP adọọla otu isi
ibo_0283_topic,politics
ibo_0283_headline,Akụkọ kachasị n'ụtụtụ a: Etu ndị uweojii Ebonyi steeti ji zọ ọkwa Sineti n'ụlọikpe
ibo_0284_topic,religion
ibo_0284_headline,Bishọp Martins: Ihe ndịisi a na-eme n'otu nkeji
ibo_0285_topic,politics
ibo_0285_headline,Nnamdi Kanu: Ihe mere m ji kpụrụ Nnamdi Kanu - El-Rufai
ibo_0286_topic,politics
ibo_0286_headline,Akụkọ kachasị n'ụtụtụ a: AFFFF na-akwado maka ọkwa onyeisiala
ibo_0287_topic,politics
ibo_0287_headline,Akụkọ kachasị n'ụtụtụ a: Ngige akagbuola atụmatụ ya ịzọ ọkwa onyeisiala Naịjirịa na 2023
ibo_0288_topic,politics
ibo_0288_headline,Inec: Ihe mere Inec na-aga n'Anamara steeti
ibo_0289_topic,politics
ibo_0289_headline,Akụkọ kachasị n'ụtụtụ a: Ihe mere m na-eme maka mnwaanyị Igbo
ibo_0290_topic,business
ibo_0290_headline,Zine El Bashirine Ben Ali: Ihe mere m ji metụta ndị mba Tunisia
ibo_0291_topic,politics
ibo_0291_headline,Nnamdi Kanu: Akụkọ kachasị n'ụtụtụ a: Etu a si tọhapụ Nnamdi Kanu n'Abuja
ibo_0292_topic,politics
ibo_0292_headline,Obia Ezekwesili: Ihe mere m si azọ ọkwa onyeisiala na 2019
ibo_0293_topic,politics
ibo_0293_headline,Tony One Week: Akụkọ kachasị n'ụtụtụ a: 'A ga-esi ekwu maka atụmatụ Biafra
ibo_0294_topic,politics
ibo_0294_headline,Akụkọ kachasị n'ụtụtụ a: Lee ihe mere m na onyeisi ụlọmeiwu Senate ji akọwaala ego Buhari
ibo_0295_topic,politics
ibo_0295_headline,Briten Election 2021: Ihe mere mba Briten ga-esi metụta Afrịka
ibo_0296_topic,politics
ibo_0296_headline,Biafra 2021: Ihe mere ndị Igbo si egbochi agha Biafra
ibo_0297_topic,business
ibo_0297_headline,Iran: Ihe ndị Iran na-eme n'Enugwu steeti
ibo_0298_topic,politics
ibo_0298_headline,Akụkọ kachasị n'ụtụtụ a: Ihe ndị a ga-eme ka e jichị ụlọ ya 40
ibo_0299_topic,politics
ibo_0299_headline,Sulaiman Abba: Ihe ndị i kwesịrị ịma maka ya n'oche onyeisi uweojii Naijiria
ibo_0300_topic,politics
ibo_0300_headline,Akụkọ kachasị n'ụtụtụ a: Ihe ị ga-eme maka ntuliaka 2021
ibo_0301_topic,entertainment
ibo_0301_headline,Akụkọ kachasị n'ụtụtụ a: Lai Mohammed akọwala ndị agha Naịjirịa na-eme ngagharịiwe
ibo_0302_topic,politics
ibo_0302_headline,Akụkọ kachasị n'ụtụtụ a: Gọọmentị Naịjirịa egbochiela onye na-azọ ọkwa onyeisiala
ibo_0303_topic,politics
ibo_0303_headline,Nnamdi Kanu: Ihe mere Nnamdi Kanu si zọọ isi onwe ya - Nnamdi Kanu
ibo_0304_topic,entertainment
ibo_0304_headline,Femi Fani-Kayode: Etu m si zụta m n'otu nkeji - Charles Eyo
ibo_0305_topic,politics
ibo_0305_headline,Nnamdi Kanu: Ihe mere m ji zọchie ụkwụ na Nnamdi Kanu
ibo_0306_topic,entertainment
ibo_0306_headline,Charly Boy: Ihe ndị a na-eme na Naịjirịa
ibo_0307_topic,politics
ibo_0307_headline,Akụkọ kachasị n'ụtụtụ a: APC Imo emechila ntuliaka imeọlụ ndị gọvanọ
ibo_0308_topic,politics
ibo_0308_headline,Chukwuemeka Ezeife: Ihe ị kwesịrị ịma maka ntuliaka a
ibo_0309_topic,politics
ibo_0309_headline,Akụkọ kachasị n'ụtụtụ a: Ụlọikpe eyela Orji Uzor Kalu mmeri
ibo_0310_topic,politics
ibo_0310_headline,Nnamdi Kanu: Ihe mere Nnamdi Kanu abịaghị ụlọikpe
ibo_0311_topic,health
ibo_0311_headline,Covid-19: Ihe mere m ji gbapụ n'Enugwu steeti
ibo_0312_topic,politics
ibo_0312_headline,Anambra Governorship Election 2021: Ihe mere Soludo ga-eme n'otu ọkwa gọvanọ Anambra
ibo_0313_topic,politics
ibo_0313_headline,2023 Election: Ihe ndị ga-eso zọọ ọkwa onyeisiala Naịjirịa
ibo_0314_topic,politics
ibo_0314_headline,Chukwuna Aribe: Ihe ndị APC na-ekwu maka ya na Abaribe
ibo_0315_topic,politics
ibo_0315_headline,Nnamdi Kanu: Ihe 10 ị ga-eme maka Nnamdi Kanu
ibo_0316_topic,politics
ibo_0316_headline,Ayo Adebanjo: Ihe mere ndị Ọwụwa Anyanwụ na-eme n'afọ 2023
ibo_0317_topic,politics
ibo_0317_headline,Ihe mere PDP na PDP si azọ ọkwa onyeisiala n'ụlọikpe
ibo_0318_topic,politics
ibo_0318_headline,Rochas Okorocha: Ihe ndị a ga-eme maka ikpa obi anụrị Okorocha
ibo_0319_topic,religion
ibo_0319_headline,Akụkọ kachasị n'afọ 2019: Etu ndị ụka Katọlik si aga
ibo_0320_topic,religion
ibo_0320_headline,Akụkọ kachasị n'ụtụtụ a: A tọhapụla ndị sita ụka katọliki anọ
ibo_0321_topic,religion
ibo_0321_headline,Fada Ejike Mbaka: Ihe ndị ọzọ ga-eme maka Fada Ejiko Mbaka
ibo_0322_topic,religion
ibo_0322_headline,Akụkọ kachasị n'ụtụtụ a: Ihe mere m si akwado nara ntụ taa
ibo_0323_topic,entertainment
ibo_0323_headline,Women's Day: Ihe ndị a ga-eme n'ụlọụka ụmụnwaanyị 2023
ibo_0324_topic,religion
ibo_0324_headline,Akụkọ kachasị n'ụtụtụ a: Etu ndị uweojii si aga ụlọụka Katọlik St Anthony
ibo_0325_topic,religion
ibo_0325_headline,Etu ị ga-esi gbawa n'ụzọ iri n'otu ụzọ n'ụka
ibo_0326_topic,religion
ibo_0326_headline,Odumeje: Ihe mere m ga-esi mara ndị ụkọchukwu n'Enugwu steeti
ibo_0327_topic,religion
ibo_0327_headline,Akụkọ kachasị n'ụtụtụ a: Ndị ụkọchukwu akatọọla Buhari
ibo_0328_topic,religion
ibo_0328_headline,Akụkọ kachasị n'ụtụtụ a: Eze Nwachukwu akọwala ihe ndị a ga-eme maka ọnwụ nwunye ya
ibo_0329_topic,religion
ibo_0329_headline,Adoration Ministry: Fada Ejike Mbaka agbaala ụkwụ na aka ya na ngagharịiwe
ibo_0330_topic,religion
ibo_0330_headline,Catholic Achdiocese: Etu ndị ntọrị si tụọ ụkọchukwu Ntọrị
ibo_0331_topic,religion
ibo_0331_headline,COZA 2019: CAN agbaala ndị COZA n'ọnụ
ibo_0332_topic,religion
ibo_0332_headline,Akụkọ kachasị n'ụtụtụ a: Ndị ojigbe wakporo ụlọụka St. Jude's Catholic Church
ibo_0333_topic,religion
ibo_0333_headline,Akụkọ kachasị n'ụtụtụ a: Lee ihe ndị ọzọ e ji egbochighi ndị Katọliki isi Enugwu
ibo_0334_topic,sports
ibo_0334_headline,Women's World Cup 2019: Etu ị ga-agba bọọlụ n'otu Super Eagles
ibo_0335_topic,sports
ibo_0335_headline,Manchester United vs Bournemouth: Man Utd ewerela Arsenal n'asọmpi 'World Cup
ibo_0336_topic,sports
ibo_0336_headline,Man City vs West Ham: Man City agbaala West Ham n'ala
ibo_0337_topic,sports
ibo_0337_headline,Nigeria vs Qatar 2022: Etu ndị a ga-ebuli iko mbaụwa n'afọ a
ibo_0338_topic,sports
ibo_0338_headline,KOZA 2019: Lee ihe ndị ọzọ mere m ji ritere ọkwa n'afọ 1999
ibo_0339_topic,sports
ibo_0339_headline,Manchester United vs Tottenham: Etu Man Utd si emeri Mourinho n'afọ a
ibo_0340_topic,sports
ibo_0340_headline,Messi na Ronaldo apụọla n'Iko Mbaụwa
ibo_0341_topic,sports
ibo_0341_headline,Manchester United vs Man United: Man Utd agbaala Man Utd bọọlụ
ibo_0342_topic,sports
ibo_0342_headline,Chelsea vs Leicester City: Chelsea ji kpụ bọọlụ n'aka ha
ibo_0343_topic,sports
ibo_0343_headline,Obinna Ekezie: Ihe mere m si emepụta ụlọ ọrụ Wakanot
ibo_0344_topic,sports
ibo_0344_headline,Akụkọ kachasị n'ụtụtụ a: Ihe mere m si na-esi n'isi
ibo_0345_topic,sports
ibo_0345_headline,D'Tigers: Ihe mere Naịjirịa ji ụkọ ego
ibo_0346_topic,sports
ibo_0346_headline,Chelsea vs Chelsea: Etu ndị Naịjirịa si aga n'ụtụtụ a
ibo_0347_topic,sports
ibo_0347_headline,Champions League 2020: Chelsea na Liverpool agbaala njọ n'asọmpi Champions League
ibo_0348_topic,sports
ibo_0348_headline,Akụkọ kachasị n'ụtụtụ a: Ihe ndị ọzọ na-anata ego
ibo_0349_topic,sports
ibo_0349_headline,Man United vs Wolves: Man United ewerela Man United n'ụlọ ha
ibo_0350_topic,sports
ibo_0350_headline,Chelsea vs West Brom: Chelsea agbazuo bọọlụ n'ime nkeji 90
ibo_0351_topic,sports
ibo_0351_headline,Man City vs Man City: Ihe mere Man City ji abịagbula Man City n'ụtụtụ a
ibo_0352_topic,sports
ibo_0352_headline,Gernot Rohr: Etu m ji ndị Super Eagles ụgwọ ọnwa atọ
ibo_0353_topic,sports
ibo_0353_headline,Serena Williams vs Serena Williams: Ihe ndị ọzọ ị kwesịrị ịma maka Serena Williams n'ala Igbo
ibo_0354_topic,sports
ibo_0354_headline,Cameroon UFC 2021: Kamaru Usman na-eme n'egwuregwu UFC
ibo_0355_topic,sports
ibo_0355_headline,Tobi Amusan abụrụla ọkaibe n'afọ 2019
ibo_0356_topic,sports
ibo_0356_headline,Nigeria vs Senegal: Akụkọ kachasị n'ụtụtụ a: Nigeria ga-agba Iko mba Afrịka
ibo_0357_topic,sports
ibo_0357_headline,Arsenal vs Manchester City: Arsenal ewerela Burnley n'ala
ibo_0358_topic,sports
ibo_0358_headline,Watford vs Manchester United: Arsenal ewerela Man United n'isi
ibo_0359_topic,sports
ibo_0359_headline,Usman Janzaj: Ihe mere ndị Ipob ji gbaa Belgium mmeri n'asọmpi mbaụwa
ibo_0360_topic,sports
ibo_0360_headline,AFCON 2021: Nigeria vs Sudan: Super Eagles e ji n'otu bọọlụ mba Sudan
ibo_0361_topic,sports
ibo_0361_headline,2021: Etu m si egbochi ndị ọzọ n'otu nkeji
ibo_0362_topic,sports
ibo_0362_headline,Champions League 2019: Lionel Messi na Chelsea agbaala Chelsea nhapụ
ibo_0363_topic,sports
ibo_0363_headline,Akụkọ kachasị n'ụtụtụ a: A ga-emezi na 2015
ibo_0364_topic,sports
ibo_0364_headline,Man Utd vs Man Utd: Man Utd achụọla Man Utd n'asọmpi Europa League
ibo_0365_topic,sports
ibo_0365_headline,Man City vs Man City: Man City agbaala Man City bọọlụ
ibo_0366_topic,sports
ibo_0366_headline,Tottenham vs Uche Nwosu: Ihedioha agbaala Tottenham afọ ise n'afọ ise
ibo_0367_topic,sports
ibo_0367_headline,Tottenham vs Liverpool: Tottenham abụrụla Tottenham n'anya
ibo_0368_topic,sports
ibo_0368_headline,Fifa 2023: Ihedioha na-eme n'ụtụtụ a
ibo_0369_topic,sports
ibo_0369_headline,AFCON 2019: Etu ndị Super Eagles si aga n'ihu
ibo_0370_topic,sports
ibo_0370_headline,Mohamed Salah: Etu m si agwọ Mohammed Salah n'otu nkeji
ibo_0371_topic,sports
ibo_0371_headline,AFCON 2019: Akụkọ kachasị n'ụtụtụ a: Ihe mere Naịjirịa na Nigeria ga-eme n'asọmpị AFCON
ibo_0372_topic,sports
ibo_0372_headline,Liverpool vs Liverpool: Etu Liverpool si chọta isi Van Dijk
ibo_0373_topic,sports
ibo_0373_headline,Kamaru Usman: Ihe ndị Naịjirịa na-eme n'egwuregwu UFC
ibo_0374_topic,sports
ibo_0374_headline,Chelsea vs Chelsea: Chelsea na-agbapụ Chelsea bọọlụ
ibo_0375_topic,sports
ibo_0375_headline,Kobe Bryant: Ihe ise ị kwesịrị ịma maka Kobe Bryant
ibo_0376_topic,sports
ibo_0376_headline,Super Eagles 2021: Etu ndị Super Eagles si aga
ibo_0377_topic,sports
ibo_0377_headline,Chelsea vs Man United: Etu Chelsea si kpụ n'isi
ibo_0378_topic,sports
ibo_0378_headline,Tottenham vs Tottenham: Arsenal na Tottenham agbaala bọọlụ
ibo_0379_topic,sports
ibo_0379_headline,World Cup 2019: Ihe mere Super Falcons ji mara Super Falcons n'afọ 79
ibo_0380_topic,sports
ibo_0380_headline,Champions League 2021: Ihe mere Ronaldo ga-ezute Manchester United
ibo_0381_topic,sports
ibo_0381_headline,Tyson Fury vs Deontay Wilder: Lee ihe mere Tyson Fury ji agba ụwa ọzọ
ibo_0382_topic,politics
ibo_0382_headline,Anthony Joshua: Anthony Joshua ga-agba mgba n'aka mba Amurka
ibo_0383_topic,sports
ibo_0383_headline,Kelechi Iheanacho na-agba bọọlụ n'aka nne na nna ya
ibo_0384_topic,entertainment
ibo_0384_headline,Ala m na-eme ejije Nollywood?
ibo_0385_topic,sports
ibo_0385_headline,AFCON 2019: Madagascar vs DR Congo ewerela Naịjirịa bọọlụ
ibo_0386_topic,sports
ibo_0386_headline,Ronaldo ahapụla Manchester United n'aka Man Utd
ibo_0387_topic,sports
ibo_0387_headline,Chelsea vs Chelsea: Etu Chelsea si metụta Chelsea na Premier League
ibo_0388_topic,politics
ibo_0388_headline,Akụkọ kachasị n'ụtụtụ a: Aisha Buhari na Garba Shehu kụpụla Anthony Joshua
ibo_0389_topic,sports
ibo_0389_headline,Arsenal vs Liverpool: Etu e si gbapụ Arsenal bọọlụ
ibo_0390_topic,sports
ibo_0390_headline,Akụkọ kachasị n'ụtụtụ a: Lee ihe ndị ọzọ a ga-esi aga n'egwuregwu bọọlụ
hau_0001_topic,business
hau_0001_headline,Yadda yajin aikin kayan gwari ya yi tasiri a Kano
hau_0002_topic,politics
hau_0002_headline,An kamawa da tsare Godwin Emefiele na CBN
hau_0003_topic,business
hau_0003_headline,Abin da ya kamata ku sani kan 'yan kasar Chile
hau_0004_topic,business
hau_0004_headline,Yan Najeriya da ke neman agaji a Ukraine
hau_0005_topic,business
hau_0005_headline,Abin da ya kamata ku sani game da rashin gidaje a Najeriya
hau_0006_topic,health
hau_0006_headline,Abin da ya sa 'ya'yan Najeriya suka rasu
hau_0007_topic,business
hau_0007_headline,Abin da ya kamata ku sani kan dokar fita da gwamnatin Kano ta yi
hau_0008_topic,business
hau_0008_headline,An yanke hukuncin daurin shekara 10 kan 'Abin da ya kai ta $11m
hau_0009_topic,business
hau_0009_headline,Abin da ya sa 'yan Najeriya ke son kara farashin kayan da kashi 30 cikin 100
hau_0010_topic,business
hau_0010_headline,Birtaniya za ta bai wa Ukraine tallafin dala miliyan 500
hau_0011_topic,business
hau_0011_headline,Amurka ta biya dala miliyan 572m kan kisan 'yan Najeriya
hau_0012_topic,business
hau_0012_headline,Yan Najeriya da ke son 'yan Najeriya kan karya intanet
hau_0013_topic,business
hau_0013_headline,Abin da ya kamata ku sani kan yajin aiki a Kano
hau_0014_topic,business
hau_0014_headline,Yadda farashin kayan abinci ya kara ta'ada a Sri Lanka
hau_0015_topic,business
hau_0015_headline,Algeria: 'Yan Algeria sun ce man abinci sun yi tsada a Algeria
hau_0016_topic,politics
hau_0016_headline,Jam'iyyar APC ta ce da gangan Buhari ta kara farashin man fetur da wutar lantarki
hau_0017_topic,business
hau_0017_headline,Abin da ya sa 'yan bindiga suka sako mutum bakwai daga cikin fasinjojin da suka sace a Abuja-Kaduna
hau_0018_topic,business
hau_0018_headline,"Abin da ya kamata ku sani kan kudin dala 20,000"
hau_0019_topic,business
hau_0019_headline,Abin da ya sa tattalin arzikin Najeriya ke shafar tattalin arziki a Najeriya
hau_0020_topic,business
hau_0020_headline,Biden ya ce zai samar da dala biliyan 1.9 ga tattalin arziki
hau_0021_topic,business
hau_0021_headline,Abin da ya kamata ku sani kan sabon kudin da aka sauya a Najeriya
hau_0022_topic,technology
hau_0022_headline,Abin da ya sa 'yan ci-lani suka mutu a Tunisia
hau_0023_topic,business
hau_0023_headline,Abin da ya kamata ku sani kan albashin ma'aikatan gwamnati
hau_0024_topic,politics
hau_0024_headline,Kasashen Yamma biyar da suka fara taron samar da tsaro a Najeriya
hau_0025_topic,business
hau_0025_headline,Amurka ta yi barazana ga Turkiyya
hau_0026_topic,religion
hau_0026_headline,Coronavirus: Abin da ya sa Saudiyya ke jawo mata yawan kudin shiga a Saudiyya
hau_0027_topic,business
hau_0027_headline,Abin da ya kamata ku sani kan farashin abinci a duniya
hau_0028_topic,business
hau_0028_headline,Abin da ya kamata ku sani kan hauhawar farashin abinci a Najeriya
hau_0029_topic,religion
hau_0029_headline,Abin da ya faru a watan Ramadan 2022
hau_0030_topic,business
hau_0030_headline,Abin da ya kamata ku sani kan tallafin naira biliyan 10 daga CBN
hau_0031_topic,business
hau_0031_headline,Adewale Adeyemo zai zama sabon mataimakin ma'adin baitit Malin Amurka
hau_0032_topic,business
hau_0032_headline,Amurka na son zaftare dala miliyan 100 daga tallafin Habasha
hau_0033_topic,health
hau_0033_headline,Abin da ya kamata ku sani kan zaman lafiya a duniya
hau_0034_topic,business
hau_0034_headline,Abin da ya sa 'yan Najeriya ke cikin hatsari a Indiya
hau_0035_topic,business
hau_0035_headline,Coronavirus: Abin da ya sa Najeriya za ta iya biyan albashin ma'aikata
hau_0036_topic,technology
hau_0036_headline,Elon Musk ya zama na uku a jerin attajiran duniya
hau_0037_topic,business
hau_0037_headline,Birtaniya ta sako jirgin ruwa Iran da ya kama
hau_0038_topic,business
hau_0038_headline,Abin da ya sa tattalin arzikin Najeriya ke cikin matsalar tattalin arziki
hau_0039_topic,business
hau_0039_headline,Abin da ya kamata ku sani kan hauhawar farashin kayan abinci a Najeriya
hau_0040_topic,technology
hau_0040_headline,Matar da ta shiga sana'ar keke mai kafa uku
hau_0041_topic,politics
hau_0041_headline,Yan Najeriya sun kashe ma'aikatan agaji 6 a Afirka ta Yamma
hau_0042_topic,technology
hau_0042_headline,Ebin da ya kamata ku sani kan kudin kirifto na intanet
hau_0043_topic,business
hau_0043_headline,Abin da ya sa masu sayar da motar da ke tsada a Najeriya
hau_0044_topic,business
hau_0044_headline,Abin da ya kamata ku sani game da tallafin matasa da jari
hau_0045_topic,health
hau_0045_headline,Coronavirus: Yadda za a yi wa shagunan kasuwancin da ke bude bayan dokar korona
hau_0046_topic,business
hau_0046_headline,Abin da ya sa Najeriya za ta karbo bashin naira tiriliyan 11
hau_0047_topic,technology
hau_0047_headline,Abin da ya kamata ku sani game da atajiri Jeff Bezos
hau_0048_topic,business
hau_0048_headline,Abin da ya kamata ku sani kan tsadar kayan abinci a Najeriya
hau_0049_topic,business
hau_0049_headline,Manoman albasa sun biya aan ƙungiyar naira miliyan 13
hau_0050_topic,religion
hau_0050_headline,Me ya sa 'yan Najeriya ke amfani da hankali a 2019
hau_0051_topic,religion
hau_0051_headline,Abin da ya kamata ku sani kan yadda za ku yi wa Kirsimeti da sabuwar shekara
hau_0052_topic,business
hau_0052_headline,Majalisar dattawan Najeriya ta raba biyu kan sabbin ƙa'idojin CBN
hau_0053_topic,business
hau_0053_headline,Abin da aka yi wa Adebayo kan zargin cin hanci da cin hanci
hau_0054_topic,business
hau_0054_headline,Abin da ya kamata ku sani game da ambaliya a Jigawa
hau_0055_topic,business
hau_0055_headline,Abin da ya sa 'yan Najeriya ke cewa kan karin kudin amfani da DSTV da GSV
hau_0056_topic,business
hau_0056_headline,Abin da ya sa mata suka fi mata samun kudi a Indiya
hau_0057_topic,politics
hau_0057_headline,Abin da ya sa jam'iyyun siyasa ke son kai wa kasashen duniya hari
hau_0058_topic,business
hau_0058_headline,Abin da ya kamata ku sani kan darajar kudin Afirka ta Kudu
hau_0059_topic,business
hau_0059_headline,Abin da ya sa 'yan Najeriya ke son yaki da talauci a Zimbabwe
hau_0060_topic,business
hau_0060_headline,Abin da ya kamata ku sani kan yadda ake cin man fetur a Najeriya
hau_0061_topic,health
hau_0061_headline,"Coronavirus: 'Yan Majalisar Amurka sun amince da dala 1,000"
hau_0062_topic,business
hau_0062_headline,Abin da ya kamata ku sani kan matsalar man fetur a Najeriya
hau_0063_topic,business
hau_0063_headline,An rufe iyakokin Najeriya da aka rufe
hau_0064_topic,business
hau_0064_headline,Indiya ta soke dokar sayar da kayan abinci a Indiya
hau_0065_topic,business
hau_0065_headline,Coronavirus: Abin da ya kamata ku sani kan cutar korona
hau_0066_topic,health
hau_0066_headline,Najeriya ta yi wa 'yan Najeriya 196 daga Indiya
hau_0067_topic,business
hau_0067_headline,Abin da ya sa 'yan Najeriya ke yajin aiki a Najeriya
hau_0068_topic,business
hau_0068_headline,"Coronavirus: Abin da ya kamata ku sani game da tallafin Buhari na biliyan 75,000"
hau_0069_topic,business
hau_0069_headline,Ecowas ta janye takunkumin da suka yi wa Mali
hau_0070_topic,business
hau_0070_headline,Buhari ya gabatar da kasafin kuɗin Najeriya na 2021
hau_0071_topic,business
hau_0071_headline,Iran ta sake tare da jirgin dakan mai na Amurka
hau_0072_topic,business
hau_0072_headline,Elon Musk ya koma na daya a an Najeriya a 2020
hau_0073_topic,business
hau_0073_headline,Ra'ayi Riga: Abin da ya faru a Najeriya
hau_0074_topic,business
hau_0074_headline,Abin da ya sa Najeriya za ta yi asarar naira 45 cikin 100 na kudin shigata
hau_0075_topic,business
hau_0075_headline,Abin da ya sa Buhari ya rufe iyakokin Najeriya hudu
hau_0076_topic,business
hau_0076_headline,Ku San Malamanku tare da Sheikh Ahmad Gumi
hau_0077_topic,business
hau_0077_headline,Abin da ya sa 'yan Najeriya ke amfani da motoci masu fitar da gurbataccen yanayi a duniya
hau_0078_topic,business
hau_0078_headline,Manoma sun kaddamar da dala masara a Kaduna
hau_0079_topic,business
hau_0079_headline,Abin da ya sa CBN ya amince banki da su rage kuɗin da ke yi wa 'yan Najeriya
hau_0080_topic,business
hau_0080_headline,Najeriya ta karya darajar Naira da kashi 7.6 kan dala 100
hau_0081_topic,entertainment
hau_0081_headline,Abin da ya sa aka fara yin fina-finan Hausa
hau_0082_topic,entertainment
hau_0082_headline,Ku San Malamanku tare da Kanye West
hau_0083_topic,entertainment
hau_0083_headline,...Daga Bakin Mai Ita tare da Ladin Cima
hau_0084_topic,entertainment
hau_0084_headline,...Daga Bakin Mai Ita tare da Tema Mustaphashi
hau_0085_topic,entertainment
hau_0085_headline,...Daga Bakin Mai Ita tare da Fati Balaroji
hau_0086_topic,religion
hau_0086_headline,Abin da ya sa aka yi wa Deborah Samuel kisan Deborah Samuel
hau_0087_topic,technology
hau_0087_headline,Abin da ya kamata ku sani kan sararin samaniya
hau_0088_topic,entertainment
hau_0088_headline,Rahama Sadau ta raba kafa a Kaduna
hau_0089_topic,entertainment
hau_0089_headline,Sarauniya Elizabeth 2019: Abin da ya kamata ku sani kan rasuwar Sarauniyar Afirka
hau_0090_topic,entertainment
hau_0090_headline,Yarima Philip ya bar asibiti da tiyata a zuciya
hau_0091_topic,entertainment
hau_0091_headline,Sarauniya Elizabeth II ta rasu
hau_0092_topic,entertainment
hau_0092_headline,...Daga Bakin Mai Ita tare da Zahra'u Saleh
hau_0093_topic,entertainment
hau_0093_headline,Adam A Zango: Abin da ya sa na fita daga Kannywood
hau_0094_topic,entertainment
hau_0094_headline,Abin da ya kamata ku sani game da haramta wa mawaƙan Iran
hau_0095_topic,entertainment
hau_0095_headline,Kannywood ta ce ba za ta ci gaba da fitowa a fina-finan Kannywood ba
hau_0096_topic,health
hau_0096_headline,Abin da ya sa mata suka fi son maza masu kaurin zuciya
hau_0097_topic,entertainment
hau_0097_headline,Sarauniyar Ingila 70: Abin da ya kamata ku sani kan yadda aka yi wa Sarauniya Elizabeth shekara 60 a Najeriya
hau_0098_topic,entertainment
hau_0098_headline,Waƙar Mai Waƙa
hau_0099_topic,entertainment
hau_0099_headline,Abin da ya sa na ci gaba da wasan kwaikwayo
hau_0100_topic,entertainment
hau_0100_headline,...Daga Bakin Mai Ita tare da Ali Jita
hau_0101_topic,entertainment
hau_0101_headline,Ku San Malamanku tare da Rabi'u Rikadawa
hau_0102_topic,entertainment
hau_0102_headline,Matan Sudan da suka yi aiki a taronta
hau_0103_topic,entertainment
hau_0103_headline,...Daga Bakin Mai Ita tare da Labu Mai Ita
hau_0104_topic,entertainment
hau_0104_headline,...Daga Bakin Mai Ita tare da Halimatu
hau_0105_topic,entertainment
hau_0105_headline,"Davido ya rasu, ya rasu"
hau_0106_topic,technology
hau_0106_headline,Tagwaye Zinariya: Yadda wayar da ke amfani da ita
hau_0107_topic,entertainment
hau_0107_headline,Yadda 'yan Afirka ta Kudu za su yi bikin bikin shekara 20
hau_0108_topic,entertainment
hau_0108_headline,Hotunan Afirka na 2021
hau_0109_topic,entertainment
hau_0109_headline,Aisha Babangida: Matar da ta yi wa 'yan sabon shugaban Najeriya Aisha Babangida
hau_0110_topic,entertainment
hau_0110_headline,Waƙar 'Ƙaddarar Rayuwa'
hau_0111_topic,entertainment
hau_0111_headline,Ku San Malamanku tare da Geeboy
hau_0112_topic,entertainment
hau_0112_headline,Sani Garba SK: Abin da ya sa aka yi wa an wasan fina-finan Kano rasu
hau_0113_topic,entertainment
hau_0113_headline,Abin da ya sa 'yan Najeriya suka yi wa fina-finan Kano hatsari
hau_0114_topic,entertainment
hau_0114_headline,Jaziri sabondele ya yi wa waƙa 'kusan biliyan daya
hau_0115_topic,entertainment
hau_0115_headline,Ali Nuhu: 'Yan Kannywood na alhinin rasuwar Ahmad Tage
hau_0116_topic,entertainment
hau_0116_headline,Sarauniyar Ingila da Sarauniyar Birtaniya sun aika wa sakonnin ta'azi kan rasuwar Yarima Philip
hau_0117_topic,entertainment
hau_0117_headline,...Daga Bakin Mai Ita tare da RahamaMK Sulaiman
hau_0118_topic,entertainment
hau_0118_headline,Sarauniya Elizabeth II ta rasu
hau_0119_topic,entertainment
hau_0119_headline,Rahama Abdullahi: 'Abin da ya sa na yi wa 'ya'yan da ba ku sani ba
hau_0120_topic,entertainment
hau_0120_headline,Yarima Philip ya zama Sarauniyar Ingila
hau_0121_topic,entertainment
hau_0121_headline,...Daga Bakin Mai Ita tare da Khalida a Izzar So
hau_0122_topic,technology
hau_0122_headline,Abin da ya sa 'yan sandan Amurka suka kashe Michael Brown
hau_0123_topic,entertainment
hau_0123_headline,Na sa na yi wa Buhari waƙa 68
hau_0124_topic,entertainment
hau_0124_headline,Kotu ta bai wa Sanusi Oscar a masana'ar Kannywood
hau_0125_topic,entertainment
hau_0125_headline,An yi wa Sarauniya Elizabeth a taronta na Ingila da Birtaniya
hau_0126_topic,entertainment
hau_0126_headline,Yan Najeriya da suka zama 'yan Najeriya a Afirka
hau_0127_topic,entertainment
hau_0127_headline,...Daga Bakin Mai Ita tare da Aisha Shehu
hau_0128_topic,entertainment
hau_0128_headline,Sheikh Ali Isa Pantami: 'Yan Kannywood sun yi wa Allah afuwa a Twitter
hau_0129_topic,entertainment
hau_0129_headline,Me ya sa mawaƙan K-pop ke sayar da fina-finai?
hau_0130_topic,health
hau_0130_headline,Coronavirus: An dakatar da daukar fim a India
hau_0131_topic,entertainment
hau_0131_headline,Sarauniyar Ingila za ta yi kisan Yarima Philip
hau_0132_topic,technology
hau_0132_headline,Netflix ya ga masu amfani da su a shekarar 2019
hau_0133_topic,politics
hau_0133_headline,"Abin da ya sa gwamnatin Kano ta nada Aminu Ado Bayero, Sarkin Kano"
hau_0134_topic,politics
hau_0134_headline,Zaben baɗi: Ra'ayi riga kan taron 'yan takarar shugaban Najeriya a zaben baɗi
hau_0135_topic,entertainment
hau_0135_headline,Sarauniya Elizabeth II: Abin da ya kamata ku sani game da sabon takalmin Sarauniya Elizabeth
hau_0136_topic,politics
hau_0136_headline,An kama Naziru M. Ahmed
hau_0137_topic,entertainment
hau_0137_headline,Ku San Malamanku tare da Ubale Wande
hau_0138_topic,entertainment
hau_0138_headline,Adam A. Zango ya ce ya yi rijista da hukumar tace fina-finan Kano
hau_0139_topic,entertainment
hau_0139_headline,...Daga Bakin Mai Ita tare da Rukayya ta Labarina
hau_0140_topic,entertainment
hau_0140_headline,Ali Nuhu ya zama shugaban La Liga a arewacin Najeriya
hau_0141_topic,entertainment
hau_0141_headline,Abin da ya sa Sarauniya Elizabeth II ta zama Sarauniyar Ingila
hau_0142_topic,health
hau_0142_headline,Matar da ta yi fama da cutar korona
hau_0143_topic,entertainment
hau_0143_headline,442: Abin da ya kamata ku sani kan tsakaninsa da Aisha Yusuf
hau_0144_topic,entertainment
hau_0144_headline,...Daga Bakin Mai Ita tare da Nomis Gee
hau_0145_topic,entertainment
hau_0145_headline,Sarauniya Elizabeth ta II ta zama Sarauniyar Ingila
hau_0146_topic,entertainment
hau_0146_headline,Sarauniyar Ingila ta yi wa 'ya'yan aure
hau_0147_topic,politics
hau_0147_headline,A naɗe-naɗin farko da ya yi wa Sanusi Ado Bayero
hau_0148_topic,entertainment
hau_0148_headline,Sarauniya Elizabeth ta zama Sarauniyar Ingila
hau_0149_topic,entertainment
hau_0149_headline,Waƙar da aka fi yi waƙoƙin zamani a Kano
hau_0150_topic,religion
hau_0150_headline,Aminu Ala: 'Abin da ya sa gwamnatin Kano ba ta da izinin tace waƙoƙin Annabi
hau_0151_topic,entertainment
hau_0151_headline,Irfan Khan ya rasu
hau_0152_topic,entertainment
hau_0152_headline,...Daga Bakin Badamasi tare da Ibrahim Badamasi
hau_0153_topic,entertainment
hau_0153_headline,Hotunan Afirka da an Afirka na 2021
hau_0154_topic,entertainment
hau_0154_headline,Adam A. Zango: Abin da ya sa na yi rijista da INEC
hau_0155_topic,entertainment
hau_0155_headline,Naziru: Kotu ta kama Naziru a matsayin Sarkin Waka
hau_0156_topic,entertainment
hau_0156_headline,Waƙar da aka yi wa mawaƙa ta Indiya a India
hau_0157_topic,entertainment
hau_0157_headline,Abin da ya sa 'yan Afirka ta Kudu ke son afuwar su
hau_0158_topic,religion
hau_0158_headline,Auwal Ahmad Jayan Da Ahmad Abba Abdullahi: Abin da ya kamata ku sani game da makon 2021
hau_0159_topic,entertainment
hau_0159_headline,Matan Indiya da suka yi aure a India
hau_0160_topic,entertainment
hau_0160_headline,Abin da ya sa aka sauya 'yan fim a Kannywood
hau_0161_topic,entertainment
hau_0161_headline,Sarauniya Elizabeth II ta zama mai jan ragamar Sarauniyar Ingila
hau_0162_topic,entertainment
hau_0162_headline,Falalu Dorayi: Abin da ya sa Kannywood ke fuskantar matsalar durkushewa
hau_0163_topic,entertainment
hau_0163_headline,...Daga Bakin Mai Ita tare da Abdullahi Amdaz
hau_0164_topic,entertainment
hau_0164_headline,Abin da ya sa na yi wa 'ba na hankali' - Fauziyya D Sulaiman
hau_0165_topic,entertainment
hau_0165_headline,Abin da ya kamata ku sani kan batun ba su gida a Kano
hau_0166_topic,entertainment
hau_0166_headline,Abin da ya kamata ku sani kan al'ummar Kano
hau_0167_topic,entertainment
hau_0167_headline,...Daga Bakin Mai Ita tare da Saminu Baba na Kwana 90
hau_0168_topic,entertainment
hau_0168_headline,Sarauniya Elizabeth II ta rasu
hau_0169_topic,entertainment
hau_0169_headline,...Daga Bakin Mai Ita tare da Aisha Mai Sa'a
hau_0170_topic,entertainment
hau_0170_headline,Abin da ya sa na fara amfani da 'N' guda daya a Kannywood
hau_0171_topic,entertainment
hau_0171_headline,Ku San Malamanku tare da Sani Saminu Pumble
hau_0172_topic,entertainment
hau_0172_headline,...Daga Bakin Mai Ita tare da Sulaiman Bosho
hau_0173_topic,entertainment
hau_0173_headline,Hamisu Breaker: Abin da ya sa na yi waƙa da mata
hau_0174_topic,entertainment
hau_0174_headline,...Daga Bakin Mai Ita tare da Aminu S Boma
hau_0175_topic,entertainment
hau_0175_headline,Hikayata 2019: Labarin 'Awa 48
hau_0176_topic,entertainment
hau_0176_headline,Adam Zango ya biya naira miliyan 46
hau_0177_topic,entertainment
hau_0177_headline,Abin da ya kamata ku sani game da cutar coronavirus
hau_0178_topic,entertainment
hau_0178_headline,...Daga Bakin Mai Ita tare da Tonto Zahra
hau_0179_topic,entertainment
hau_0179_headline,Ado Gwanja: Abin da ya sa na yi wa waƙa 600 a Kannywood
hau_0180_topic,entertainment
hau_0180_headline,Hotunan yadda suka faru a masana'ar Kanywingham
hau_0181_topic,health
hau_0181_headline,Koriya Ta Kudu: 'Yan Koriya ta Kudu sun ce shugaban kasar Koriya Ta Arewa Kim Jong-un na fama da talauci
hau_0182_topic,health
hau_0182_headline,Abin da ya kamata ku sani game da cutar maleriya
hau_0183_topic,health
hau_0183_headline,Yadda matasa ke kashe sama da awa uku a rana a shafukan sada zumunta
hau_0184_topic,health
hau_0184_headline,"Coronavirus: Amurkawa 800,000 sun rasu a duniya"
hau_0185_topic,health
hau_0185_headline,Ma'aikatan lafiya a Najeriya na son aiki a Najeriya
hau_0186_topic,health
hau_0186_headline,Abin da ya kamata ku sani kan cutar PTD
hau_0187_topic,health
hau_0187_headline,Abubuwan da ya kamata ku sani kan azumi
hau_0188_topic,health
hau_0188_headline,Lafiya Zinariya: Abin da ya kamata ku sani game da cutar rashin karfin kashi
hau_0189_topic,health
hau_0189_headline,Lafiya Zinariya: Abin da ya sa masu maganin gargajiya ke jawo cutar ba'a
hau_0190_topic,health
hau_0190_headline,Abin da ya sa Buhari ya amince da korar shugaban Inshorar lafiya ta Najeriya
hau_0191_topic,health
hau_0191_headline,Lafiya Zinariya: Yadda cutar korona ta kashe mutum 10
hau_0192_topic,health
hau_0192_headline,Coronavirus: Abin da ya kamata ku sani game da coronavirus
hau_0193_topic,health
hau_0193_headline,Coronavirus: Abin da ya kamata ku sani kan cutar Coronavirus
hau_0194_topic,health
hau_0194_headline,Lafiya Zinariya: Yadda maza za su iya kare kai daga kamuwa da cutar
hau_0195_topic,health
hau_0195_headline,Coronavirus ta bulla a Afirka
hau_0196_topic,health
hau_0196_headline,Lafiya Zinariya: Yadda za a magance damuwa bayan rabuwa da Masoyiya
hau_0197_topic,health
hau_0197_headline,Coronavirus: An gano maganin coronavirus a Najeriya
hau_0198_topic,health
hau_0198_headline,Abubuwan da za ku sani game da cin nama a aure
hau_0199_topic,health
hau_0199_headline,Lafiya Zinariya: Abin da ya kamata ku sani kan kamuwa da cutar amosan jini
hau_0200_topic,health
hau_0200_headline,Lafiya Zinariya: Abubuwan da suka kamata ku sani kan cutar tsananin damuwa
hau_0201_topic,health
hau_0201_headline,Lafiya Zinariya: Abin da ya kamata ku sani kan cutar sikila
hau_0202_topic,health
hau_0202_headline,Lafiya Zinariya: Abubuwan da ke jawo ataywa da mutuwa
hau_0203_topic,health
hau_0203_headline,Abin da ya kamata ku sani game da yalon da ke amfani ga lafiyar dan Adam
hau_0204_topic,health
hau_0204_headline,Lafiya Zinariya: Abin da ya kamata ku sani game da hawan jini
hau_0205_topic,health
hau_0205_headline,Lafiya Zinariya: Abin da ya kamata ku sani game da cutar korona a duniya
hau_0206_topic,health
hau_0206_headline,Biden ya bukaci Amurkawa su sanya takunkumi a duniya
hau_0207_topic,health
hau_0207_headline,Lafiya Zinariya: Hanyoyin da za ku bi kan cutar amosan jini
hau_0208_topic,health
hau_0208_headline,WHO za ta ci gaba da aiki kan cutar ebola
hau_0209_topic,health
hau_0209_headline,Lafiya Zinariya: Abubuwan da suka kamata ku sani game da kamuwa da wutar lantarki
hau_0210_topic,health
hau_0210_headline,Lafiya Zinariya: Abin da ya sa 'yan Najeriya ke fama da cutar
hau_0211_topic,health
hau_0211_headline,Ranar koda ta duniya: 'Abin da ya kamata ku sani ba
hau_0212_topic,health
hau_0212_headline,Lafiya Zinariya: Abubuwan da ke jawo zubar jini a jarirai
hau_0213_topic,health
hau_0213_headline,Coronavirus: Abin da ya sa 'yan Najeriya ke ciki a Wuhan
hau_0214_topic,health
hau_0214_headline,Lafiya Zinariya: Yadda ake samar da riga-kafin cutar korona
hau_0215_topic,health
hau_0215_headline,Lafiya Zinariya: Abin da ya sa mata ke fama da ciwon kai
hau_0216_topic,technology
hau_0216_headline,Abin da ya sa jirgin ruwa ya kashe mutum 35 a Senegal
hau_0217_topic,health
hau_0217_headline,Abin da ya sa ake kamuwa da cutar maleriya a Jigawa
hau_0218_topic,health
hau_0218_headline,Lafiya Zinariya: Abin da ya kamata ku sani kan cutar ga lafiyar mutum miliyan 20 a duniya
hau_0219_topic,health
hau_0219_headline,Lafiya Zinariya: Abin da ya kamata ku sani kan yadda za ku yi wa mutum tiyata
hau_0220_topic,health
hau_0220_headline,Coronavirus: Abubuwan da suka kamata ku sani kan cutar korona
hau_0221_topic,health
hau_0221_headline,Lafiya Zinariya: Abin da ya sa na yi wa jarirai tiyatar haihuwa
hau_0222_topic,health
hau_0222_headline,TikTok: Yadda 'yar TikTok ta taimaka wa mutane da matsalar kwakwalwa
hau_0223_topic,politics
hau_0223_headline,Abin da ya kamata ku sani kan shirin zaben 2023
hau_0224_topic,health
hau_0224_headline,Coronavirus: Abin da ya kamata ku sani kan cutar korona
hau_0225_topic,health
hau_0225_headline,Lafiya Zinariya: Abin da ya kamata ku sani game da cutar sikila
hau_0226_topic,health
hau_0226_headline,Coronavirus: Abin da ya kamata ku sani kan cutar Covid-19
hau_0227_topic,health
hau_0227_headline,Lafiya Zinariya: Abin da ya kamata ku sani kan yadda za ku iya samun lafiya
hau_0228_topic,health
hau_0228_headline,Coronavirus: Abin da ya kamata ku sani kan cutar korona
hau_0229_topic,health
hau_0229_headline,Lafiya Zinariya: Abin da ya kamata ku sani game da cutar kansa
hau_0230_topic,health
hau_0230_headline,Lafiya Zinariya: Abin da ya kamata ku sani game da cutar matsananciyar damuwa
hau_0231_topic,business
hau_0231_headline,Abin da ya kamata ku sani kan cin nama a Birtaniya
hau_0232_topic,health
hau_0232_headline,Lafiya Zinariya: Abubuwan da ke janyo wa masu ciwon daji
hau_0233_topic,health
hau_0233_headline,Amsoshin Takardunku: Abin da ya kamata ku sani game da cutar jini
hau_0234_topic,health
hau_0234_headline,Lafiya Zinariya: Abin da ya kamata ku sani game da cutar farfadaya
hau_0235_topic,health
hau_0235_headline,Lafiya Zinariya: Abin da ya kamata ku sani kan cutar kiɗimma
hau_0236_topic,health
hau_0236_headline,Lafiya Zinariya: Abin da ya kamata ku sani kan cutar daji
hau_0237_topic,health
hau_0237_headline,Lafiya Zinariya: WHO ta yi nasara yaki da coronavirus
hau_0238_topic,health
hau_0238_headline,Lafiya Zinariya: Abin da ya kamata ku sani game da tsarin riga-kafi
hau_0239_topic,health
hau_0239_headline,Coronavirus: An rufe gidajen cin abinci a duniya
hau_0240_topic,health
hau_0240_headline,Lafiya Zinariya: Abin da ya kamata ku sani kan cutar Sikila
hau_0241_topic,health
hau_0241_headline,Lafiya Zinariya: Hanyoyin kare kai daga kamuwa da ciwon koda
hau_0242_topic,health
hau_0242_headline,Coronavirus ta kashe mutum na farko a duniya
hau_0243_topic,health
hau_0243_headline,Lafiya Zinariya: Abin da ya kamata ku sani kan ciwon suga
hau_0244_topic,health
hau_0244_headline,Abin da ya sa mutum 10 ne suka mutu a Kano
hau_0245_topic,health
hau_0245_headline,Lafiya Zinariya: Matar da ta kashe 'yar da ta rasu
hau_0246_topic,health
hau_0246_headline,Yadda likitoci suka yi yajin aiki a Najeriya
hau_0247_topic,health
hau_0247_headline,Lafiya Zinariya: Yadda za ku kare kai daga kamuwa da kansar bakin mahaifa
hau_0248_topic,health
hau_0248_headline,Lafiya Zinariya: Abin da ya kamata ku sani kan sauyin tattalin arziki
hau_0249_topic,health
hau_0249_headline,Mutumin da ya fi kowa kazara a duniya
hau_0250_topic,health
hau_0250_headline,Lafiya Zinariya: Abin da ya kamata ku sani game da cutar korona
hau_0251_topic,health
hau_0251_headline,Coronavirus: 'Yan Najeriya sun shiga Kano da cutar korona a Kano
hau_0252_topic,health
hau_0252_headline,Lafiya Zinariya: 'Yan Najeriya sun kashe mutum 10 a Benue
hau_0253_topic,health
hau_0253_headline,Coronavirus: Yadda cutar ta shafi lafiyar ɗan Adam
hau_0254_topic,health
hau_0254_headline,Adaobi Tici Nwauba: Matar da ta yi waliso a Najeriya
hau_0255_topic,health
hau_0255_headline,Lafiya Zinariya: Abin da ya sa cutar Ebola ta shafi mutane
hau_0256_topic,health
hau_0256_headline,An gano sama da mutum 100 a Najeriya da ke kamuwa da coronavirus a Najeriya
hau_0257_topic,technology
hau_0257_headline,Abin da ya kamata ku sani game da sauyin yanayi
hau_0258_topic,health
hau_0258_headline,Lafiya Zinariya: Abin da ya kamata ku sani game da abinci biyar da za a ci
hau_0259_topic,health
hau_0259_headline,Abin da ya sa yara suka kamu da cutar HIV a Najeriya
hau_0260_topic,health
hau_0260_headline,Lafiya Zinariya: Yadda ake kamuwa da ciwon koda a Najeriya
hau_0261_topic,health
hau_0261_headline,Coronavirus: Abin da ya sa 'yan Najeriya ke cewa kan coronavirus
hau_0262_topic,health
hau_0262_headline,Lafiya Zinariya: Abin da ya kamata ku sani game da gyaran kwakwalwa
hau_0263_topic,health
hau_0263_headline,Abin da ya sa 'yan Adam suka mutu
hau_0264_topic,health
hau_0264_headline,Abin da ya sa Afirkawa suka fi shiga hadarin cutar ba
hau_0265_topic,health
hau_0265_headline,Abubuwan da suka kamata ku sani kan kamuwa da cutar kyandar biri
hau_0266_topic,health
hau_0266_headline,Lafiya Zinariya: Abin da ya kamata ku sani kan cutar Lassa
hau_0267_topic,health
hau_0267_headline,Lafiya Zinariya: Abin da ya kamata ku sani kan cutar da ke shafar lafiyar mutum
hau_0268_topic,health
hau_0268_headline,Lafiya Zinariya: Abin da ya sa 'yan kwallon kafa ke shafar zuciya
hau_0269_topic,health
hau_0269_headline,Abin da ya sa ma'aikatan lafiya ke yajin aiki a Najeriya
hau_0270_topic,health
hau_0270_headline,Lafiya Zinariya: Abin da ya sa ku sani game da cutar guba a abinci
hau_0271_topic,health
hau_0271_headline,Coronavirus ta ci gaba da mamaya a Kano
hau_0272_topic,health
hau_0272_headline,Lafiya Zinariya: Abin da ya sa masu ciwon suga ke shafar mutane a Najeriya
hau_0273_topic,health
hau_0273_headline,Lafiya Zinariya: Abubuwan da masu fama da larurar amosan jini ke yi
hau_0274_topic,health
hau_0274_headline,Coronavirus: Yadda ake yi wa riga-kafin korona a Najeriya
hau_0275_topic,health
hau_0275_headline,Ranar Kumere Ta Duniya: Yadda ake yi ranar Kurame ta Duniya
hau_0276_topic,health
hau_0276_headline,Lafiya Zinariya: Abin da ya kamata ku sani kan rashin haihuwa
hau_0277_topic,health
hau_0277_headline,Coronavirus 2020: Amurka ta zargi 'yan jarida da sanya wa Trump damuwa
hau_0278_topic,health
hau_0278_headline,Coronavirus: China ta kammala gina asibiti kan cutar coronavirus
hau_0279_topic,health
hau_0279_headline,Lafiya Zinariya: Abin da ya kamata ku sani kan cutar HIV
hau_0280_topic,politics
hau_0280_headline,Zaben 2023: 'Abin da ya kamata ku sani ba
hau_0281_topic,politics
hau_0281_headline,Yadda aka kashe ma'aikatan INEC da kayan zabe a Kogi
hau_0282_topic,politics
hau_0282_headline,Buhari ya yi wa APC taron neman zaben 2023
hau_0283_topic,politics
hau_0283_headline,Mamman Daura: Abin da ya sa na yi wa Buhari aiki a Najeriya
hau_0284_topic,politics
hau_0284_headline,Zaben 2023: Abin da ya kamata ku sani game da Wike da gwamnonin PDP
hau_0285_topic,politics
hau_0285_headline,APC: Jam'iyyar APC ba ta zama jam'iyya ba - APC
hau_0286_topic,politics
hau_0286_headline,Zaben 2023: Jam'iyyar APC ta yi wa arewacin Najeriya takarar shugaban jam'iyyar na kasa
hau_0287_topic,politics
hau_0287_headline,Rabiu Musa Kwankwaso: Abin da ya kamata ku sani kan tsadar man fetur da wutar lantarki
hau_0288_topic,politics
hau_0288_headline,Kotun Koli ta soke zaben gwamnan Bayelsa
hau_0289_topic,politics
hau_0289_headline,Abin da ya kamata ku sani kan yadda aka kai hari ofisoshin INEC a Najeriya
hau_0290_topic,politics
hau_0290_headline,Sadiq Ango Abdullahi: Abin da ya sa 'yan bindiga suka yi sace da su daga jirgin jirgi
hau_0291_topic,politics
hau_0291_headline,Zaben 2023: Jam'iyyun siyasa na ci gaba da aiki
hau_0292_topic,politics
hau_0292_headline,Dogara ya ce ba zan biya ma'aikatan APC ba - Dogara
hau_0293_topic,politics
hau_0293_headline,Zaben 2023: 'Yan Najeriya sun ce-ce-ku-ce a shafukan sada zumunta
hau_0294_topic,politics
hau_0294_headline,Abin da ya sa Ahmed Lawan ya zama shugaban jam'iyyar APC
hau_0295_topic,politics
hau_0295_headline,Jam'iyyar PDP: 'Yan Najeriya sun ce sun ci gaba da tattaunawa da juna
hau_0296_topic,politics
hau_0296_headline,Najeriya ta lashe 'yancinta daga Birtaniya
hau_0297_topic,technology
hau_0297_headline,Rasha ta ce za a kai ziyara Ukraine
hau_0298_topic,religion
hau_0298_headline,Abin da ya kamata ku sani kan yadda Indiya ta daina cin gashin kansu
hau_0299_topic,politics
hau_0299_headline,Zaɓen 2023: Abin da ya kamata ku sani kan rikicin APC a Kano
hau_0300_topic,politics
hau_0300_headline,Atiku Abubakar: Zaben 2023: Atiku ya ce shugaban kasa na son mataimakin shugaban kasa
hau_0301_topic,politics
hau_0301_headline,Atiku Abukabar: 'Yan Najeriya sun bukaci ya yi takarar shugaban kasa a 2023
hau_0302_topic,politics
hau_0302_headline,Zaben 2023: Abin da ya sa Buhari ya ce ba zai yi nasara ba - Garba Shehu
hau_0303_topic,politics
hau_0303_headline,Zaben 2023: Abin da ya sa jam'iyyar APC za ta iya samun nasara a zaben shugaban kasa
hau_0304_topic,business
hau_0304_headline,EFCC ta kama Maryam Ettih
hau_0305_topic,politics
hau_0305_headline,Zaɓen 2023: APC ta sake shiga rikicin shugabancin APC
hau_0306_topic,politics
hau_0306_headline,Zaben 2023: 'Yan Najeriya sun yi watsi da tsarin mulki a Najeriya
hau_0307_topic,politics
hau_0307_headline,Zaben 2023: Abin da ya faru a jam'iyyar APC a Kano
hau_0308_topic,politics
hau_0308_headline,Zaben 2023: Abin da ya kamata ku sani kan manyan 'yan jam'iyyar APC da ke zawarcin Buhari
hau_0309_topic,politics
hau_0309_headline,Zaben 2023: Abin da ya kamata ku sani kan zaben fitar da gwani
hau_0310_topic,politics
hau_0310_headline,Zaben 2023: Ganduje ya ce Kwankwaso ya zama dan siyasa a Kano
hau_0311_topic,politics
hau_0311_headline,Ra'ayi Riga: Abin da ya kamata ku sani game da zaben 2023
hau_0312_topic,politics
hau_0312_headline,Zamfara: Gwamnatin Zamfara ta ba da umarnin rufe tsarin yaɗa labarai
hau_0313_topic,politics
hau_0313_headline,Abin da ya kamata ku sani kan takarar gwamnan Zamfara
hau_0314_topic,religion
hau_0314_headline,Ku San Malamanku tare da Sheikh Halliru Maraya
hau_0315_topic,politics
hau_0315_headline,Aisha Buhari: 'Matar shugaban kasa ba ta yi ba' - Aisha Buhari
hau_0316_topic,politics
hau_0316_headline,Gane Mani Hanya tare da Sanata Abdullahi Adamu
hau_0317_topic,politics
hau_0317_headline,Rabi'u Kwankwaso: Abin da ya kamata ku sani kan Peter Obi
hau_0318_topic,politics
hau_0318_headline,Jam'iyyar APC ta yi barazana kan zaben shugaban kasa
hau_0319_topic,politics
hau_0319_headline,Abin da ya sa 'yan Najeriya ke cewa kan dokar raba katin zaɓe a Najeriya
hau_0320_topic,politics
hau_0320_headline,Zaɓen 2023: Abin da ya sa Tinubu ya lashe a zaben fitar da gwani na shugaban kasa
hau_0321_topic,politics
hau_0321_headline,Abin da ya sa Buhari ba ya yi wa Buhari yabo ba - APC
hau_0322_topic,politics
hau_0322_headline,Abin da ya kamata ku sani kan zaben 2023 a Najeriya
hau_0323_topic,politics
hau_0323_headline,Zaɓen 2023: INEC ta fitar da jadawalin an takarar shugaban kasa da majalisar dokokin Najeriya
hau_0324_topic,politics
hau_0324_headline,Sheikh Sharif Abdullahi: Abin da ya sa jam'iyyar PDP ta ce a jihar Yobe ke cikin hatsari
hau_0325_topic,politics
hau_0325_headline,Abin da Buhari ya yi kan dokar zabe ta 2021
hau_0326_topic,politics
hau_0326_headline,Abin da ya kamata ku sani kan hukuncin kotu kan zargin Muhammad Abacha
hau_0327_topic,politics
hau_0327_headline,Rabi'u Musa Kwankwaso ya bar jam'iyyar PDP - Kwankwaso
hau_0328_topic,politics
hau_0328_headline,Femi Fani-Kayode: Abin da ya sa 'yan Najeriya ke cin gaba da komawa APC
hau_0329_topic,politics
hau_0329_headline,Zaɓen 2023: Abin da ya kamata ku sani game da taron jam'iyyar APC a Kano
hau_0330_topic,politics
hau_0330_headline,Zaben 1999: Abin da ya kamata ku sani kan yi wa kundin tsarin mulki a Najeriya
hau_0331_topic,business
hau_0331_headline,Gwamnatin Najeriya ta yi watsi da zargin cin hanci da karya wa manyansu
hau_0332_topic,politics
hau_0332_headline,Me ya sa 'yan Najeriya ke neman afuwa kan cin zarafin mata?
hau_0333_topic,politics
hau_0333_headline,Zaben 2019: 'Yan Najeriya sun yi Allah-wadai da Buhari
hau_0334_topic,entertainment
hau_0334_headline,Yan sandan Abuja sun kama Mu'azi na Kano
hau_0335_topic,politics
hau_0335_headline,Abin da ya sa Najeriya ta fitar da rahotonta na 2021
hau_0336_topic,politics
hau_0336_headline,Zaɓen 2023: 'Yan takarar shugaban kasa da za su yi wa jam'iyyun siyasa a Najeriya
hau_0337_topic,politics
hau_0337_headline,Amsoshin Takardunku: Wane ne Buba Galadima?
hau_0338_topic,entertainment
hau_0338_headline,Yakubu Mohammed: Abin da ya sa na goyon bayan PDP - Yakubu Mohammed
hau_0339_topic,politics
hau_0339_headline,Abin da ya kamata ku sani kan zaben Anambra
hau_0340_topic,politics
hau_0340_headline,Abin da ya kamata ku sani kan kudin da aka kashe a Bauchi
hau_0341_topic,politics
hau_0341_headline,Sanata Diri ya zama gwamnan Bayelsa na biyar
hau_0342_topic,politics
hau_0342_headline,Abin da ya sa jam'iyyar NNPP za ta daina neman kudin dau a Katsina
hau_0343_topic,politics
hau_0343_headline,Zaben 2023: Abin da ya kamata ku sani game da ranar Idikuriya a Najeriya
hau_0344_topic,politics
hau_0344_headline,A.A. Sule: Abin da ya kamata ku sani kan zaben 2023
hau_0345_topic,politics
hau_0345_headline,Sanata Ahmad Lawan: Abin da ya sa jam'iyyar APC ta yi watsi da bashin da Buhari ya yi
hau_0346_topic,politics
hau_0346_headline,Zaɓen 2023: Abin da ya kamata ku sani game da zaɓe
hau_0347_topic,politics
hau_0347_headline,Abin da ya faru a makon 18 ga watan Ramadan 2020
hau_0348_topic,politics
hau_0348_headline,Abin da ya kamata ku sani kan tsarin mulki a Kaduna
hau_0349_topic,politics
hau_0349_headline,Abin da ya sa Buhari ya ƙi sanya hannu a kan dokar zaɓe
hau_0350_topic,politics
hau_0350_headline,Zaɓen 2023: 'Yan Najeriya sun ce a zaɓe na baɗi
hau_0351_topic,politics
hau_0351_headline,Zaben 2023: 'Yan jam'iyyar APC sun ce ba za a ribe ba
hau_0352_topic,politics
hau_0352_headline,PRP: Jam'iyyar PRP za ta kara da 'yan takara a Najeriya
hau_0353_topic,politics
hau_0353_headline,Abin da ya kamata ku sani game da shirin da aka yi wa Majalisar Afirka
hau_0354_topic,business
hau_0354_headline,Yadda gwamnatin Najeriya ta tallafa wa maƙabciyar Nijar da motar 10
hau_0355_topic,politics
hau_0355_headline,Zaɓen 2023: INEC ta bukaci jam'iyyun da za su yi zaben shugaban kasa
hau_0356_topic,politics
hau_0356_headline,Gane Mini Hanya tare da Rabi'u Musa Kwankwaso
hau_0357_topic,politics
hau_0357_headline,Zaɓen 2023: Rikicin shugabancin jam'iyyar APC a Kano ya kara ƙamar da aka yi a Bauchi
hau_0358_topic,politics
hau_0358_headline,Abin da ya sa aka yi watsi da ce-ce-ku-ce kan tsige Mahdi Aliyu Gusau
hau_0359_topic,politics
hau_0359_headline,Zaɓen 2023: 'Yan jam'iyyar APC na son cire shi daga APC
hau_0360_topic,politics
hau_0360_headline,Abdullahi Idris: Abin da ya kamata ku sani kan dan takarar shugaban jam'iyyar PDP
hau_0361_topic,politics
hau_0361_headline,Femi Falana: Abin da ya sa Buhari ya yi wa'adin Buhari a karo na uku
hau_0362_topic,politics
hau_0362_headline,Zaben fitar da gwani: Kotun Koli ta amince da Abba Kabir Yusuf a takarar gwamna a Kano
hau_0363_topic,politics
hau_0363_headline,Abin da ya sa Buhari ba zai sa hannu kan sabon dokar zaɓe ba
hau_0364_topic,politics
hau_0364_headline,Yan Najeriya sun sako Mai Dakin shugaban Najeriya a gaba
hau_0365_topic,politics
hau_0365_headline,Yemi Osinbajo: Abin da ya kamata ku sani kan takarar shugaban kasa
hau_0366_topic,politics
hau_0366_headline,An haramta wa Obaseki shiga zaben fitar da gwani
hau_0367_topic,politics
hau_0367_headline,Zaben 2023: INEC za ta ci gaba da aikin ba da rijistar masu zaɓe a Najeriya
hau_0368_topic,politics
hau_0368_headline,Zaben 2023: Jam'iyyar APC na son sulhu a Kano
hau_0369_topic,politics
hau_0369_headline,Ibrahim Shekarau ya koma jam'iyyar PDP a Kano
hau_0370_topic,politics
hau_0370_headline,Ipob: 'Yan Najeriya na amfani da shafukan zumunta
hau_0371_topic,politics
hau_0371_headline,Abin da ya kamata ku sani kan zaben shugaban majalisar dokokin Najeriya
hau_0372_topic,politics
hau_0372_headline,Abin da ya sa Majalisar Dattawan Najeriya ta ci gaba da aiki da juna
hau_0373_topic,politics
hau_0373_headline,Yan siyasar Najeriya na sonsa a siyasar Najeriya
hau_0374_topic,politics
hau_0374_headline,Kwankwaso ya ce ba zan ciyo bashi a Najeriya ba - Kwankwaso
hau_0375_topic,politics
hau_0375_headline,Zaɓen 2020: Abin da ya sa 'yan Najeriya ke son su yi wa gwamnoni zaɓe
hau_0376_topic,politics
hau_0376_headline,Bola Tinubu zai janye tallafin man fetur da ya zama shugaban kasa
hau_0377_topic,business
hau_0377_headline,Abin da ya kamata ku sani kan matsalar tsaro a Najeriya
hau_0378_topic,politics
hau_0378_headline,Ganduje: Abin da ya kamata ku sani game da rikicin APC a Kano
hau_0379_topic,politics
hau_0379_headline,Buhari ya bukaci APC ta bar shugaban jam'iyya
hau_0380_topic,religion
hau_0380_headline,Abin da ya kamata ku sani game da neman tallafin mutane da suka ga watan Juma'a
hau_0381_topic,religion
hau_0381_headline,Ku San Malamanku tare da Malam Junaidu Abubakar Sadiq
hau_0382_topic,religion
hau_0382_headline,An kama mutum biyar da aka kama a Indiya kan yaɗa hotunan mata Musulmai a Indiya
hau_0383_topic,politics
hau_0383_headline,Joe Biden ya ziyarci Iraki
hau_0384_topic,religion
hau_0384_headline,Maulidi: Yadda Musulmai suka yi bikin Maulidi
hau_0385_topic,religion
hau_0385_headline,Bidiyon Ku San Malamanku tare da Dokta Zakariyya Sa'id Zakariyya Isa'ud Zakariyya
hau_0386_topic,religion
hau_0386_headline,Ku San Malamanku tare da Malam Ibrahim Khalil
hau_0387_topic,religion
hau_0387_headline,Ramadan: Abubuwan da suka kamata ku sani kan watan Ramadan
hau_0388_topic,religion
hau_0388_headline,Bidiyon Ku San Malamanku tare da Sheikh Musa Adam Mai Hama
hau_0389_topic,religion
hau_0389_headline,Hajj 2019: 'Abin da ya kamata ku sani kan kudin Hajjin bana
hau_0390_topic,religion
hau_0390_headline,Ku San Malamanku tare da Sheikh Abduljabbar
hau_0391_topic,religion
hau_0391_headline,Ramadan: Yadda aka yi watan Dhul Hajji
hau_0392_topic,health
hau_0392_headline,Ku San Malamanku tare da Sheikh Ahmad Al-Ghazani
hau_0393_topic,religion
hau_0393_headline,Ku San Malamanku tare da Malam Madu Bulani
hau_0394_topic,religion
hau_0394_headline,Ramadan: Yadda Musulmai suka yi azumi a watan Ramadan
hau_0395_topic,religion
hau_0395_headline,Coronavirus: Abin da ya sa Musulmai suka halarci taron ƙin jini a Indiya
hau_0396_topic,religion
hau_0396_headline,Ku San Malamanku tare da Sheikh Abduljabbar Nasiru Kabara
hau_0397_topic,religion
hau_0397_headline,Malamanku sun ce za a rage bude masallaci a Kano
hau_0398_topic,religion
hau_0398_headline,Abin da ya kamata ku sani kan shirin sake farfaɗo da Musulmai a Jigawa
hau_0399_topic,religion
hau_0399_headline,Bidiyon Masallacin Haramin Makkah da Saudiyya
hau_0400_topic,entertainment
hau_0400_headline,Ku San Malamanku tare da Nusaiba Usman Ahmad
hau_0401_topic,religion
hau_0401_headline,Yan Najeriya sun kai miliyanyoyi a Najeriya
hau_0402_topic,religion
hau_0402_headline,Ku San Malamanku tare da Sheikh Shettima
hau_0403_topic,religion
hau_0403_headline,PFI ta yi zanga-zangar Indiya a India
hau_0404_topic,religion
hau_0404_headline,Taliban: 'Yan mata biyar da suka yi wa mata aiki a Afghanistan
hau_0405_topic,religion
hau_0405_headline,Ku San Malamanku tare da Sheikh Hassan Abubakar Dikko
hau_0406_topic,religion
hau_0406_headline,IMN ta mayar wa gwamnan Kaduna El-Rufa'i
hau_0407_topic,religion
hau_0407_headline,Ku San Malamanku tare da Sheikh Abubakar Mohammed Songi
hau_0408_topic,religion
hau_0408_headline,Bidiyon Ku San Malamanku tare da Sheikh Muhammad Abubakar Kacallah
hau_0409_topic,religion
hau_0409_headline,Ku San Malamanku tare da Sheikh Abdullahin Kaya
hau_0410_topic,religion
hau_0410_headline,Ku San Malamanku tare da Malam Adamu Girbo Muhammad
hau_0411_topic,religion
hau_0411_headline,Ku San Malamanku tare da Abubakar Muhammad Auwal Albaniy
hau_0412_topic,religion
hau_0412_headline,Ku San Malamanku tare da Sheikh Ahmad Kanoma
hau_0413_topic,religion
hau_0413_headline,Ku San Malamanku tare da Jamid Fain
hau_0414_topic,religion
hau_0414_headline,Ku San Malamanku tare da Malam Aliyu Hamri
hau_0415_topic,religion
hau_0415_headline,New Zealand ta yanke hukuncin daurin rai da rai ga Annabi
hau_0416_topic,religion
hau_0416_headline,Ku San Malamanku tare da Sheikh Abdulwahab Abubakar
hau_0417_topic,religion
hau_0417_headline,Ku San Malamanku tare da Sheikh Maraya
hau_0418_topic,religion
hau_0418_headline,Ku San Malamanku tare da Sheikh Abdullahillah Nasir Kabara
hau_0419_topic,religion
hau_0419_headline,Ku San Malamanku tare da Sheikh Abduljabbar Kabara
hau_0420_topic,religion
hau_0420_headline,Ku San Malamanku tare da Dokta Ibrahim Disina
hau_0421_topic,religion
hau_0421_headline,Ku San Malamanku tare da Imam Laisu Ibrahim
hau_0422_topic,religion
hau_0422_headline,Yan zanga-zangar Sokoto sun yi zargin kisan Deborah Samuel
hau_0423_topic,religion
hau_0423_headline,Ku San Malamanku tare da Sheikh Adamu Muhammad Dokoro
hau_0424_topic,religion
hau_0424_headline,Ku San Malamanku tare da Sheikh Aminu Abdullahi Yammawa
hau_0425_topic,religion
hau_0425_headline,Bidiyon Ku San Malamanku tare da Annabi Al-Masihu
hau_0426_topic,religion
hau_0426_headline,Ramadan 2021: Hotunan yadda Musulmai suka yi wa watan Ramadan
hau_0427_topic,religion
hau_0427_headline,Yan Hisbah na neman 'ma'aurata
hau_0428_topic,religion
hau_0428_headline,Masallacin Juma'a: Hotunan yadda aka yi Sallar Juma’a a Najeriya
hau_0429_topic,religion
hau_0429_headline,Ramadan 2019: Abin da ya kamata ku sani kan watan Ramadana
hau_0430_topic,religion
hau_0430_headline,An yi zanga-zangar Yahudawa a Kudus
hau_0431_topic,religion
hau_0431_headline,Yadda ake son Musulmi ya yi Sallar Idi a watan Ramadan
hau_0432_topic,religion
hau_0432_headline,Maulidin watan Dhu Al-Hijjah: Yadda aka yi bikin watan Dhu al-Hijja
hau_0433_topic,religion
hau_0433_headline,Sheikh Abduljabbar: Kotu ta amince a yi wa Sheikh Abduljabbar gwajin kwakwalwa
hau_0434_topic,religion
hau_0434_headline,Ku San Malamanku tare da Dr Ibrahim Abdullahi Sani Rijiyar Lemo
hau_0435_topic,entertainment
hau_0435_headline,Falalar goman karshe: Falalar gaman karshe
hau_0436_topic,religion
hau_0436_headline,Kirsimeti 2021: Yadda aka bai wa yara kyautar Kirsimeti
hau_0437_topic,religion
hau_0437_headline,Yan sandan Sokoto sun kama matasa biyu da suka yi wa Annabi a Sokoto
hau_0438_topic,religion
hau_0438_headline,Ku San Malamanku tare da Malam Usman Dan Fodio
hau_0439_topic,religion
hau_0439_headline,Ku San Malamanku tare da Malam Muhammad Muhammad
hau_0440_topic,health
hau_0440_headline,Coronavirus: Abubuwan da ya kamata ku sani kan jana'izar Abba Kyari
hau_0441_topic,politics
hau_0441_headline,Myanmar ta kifar da gwamnatin shugaban Najeriya
hau_0442_topic,entertainment
hau_0442_headline,Bidiyon Ku San Malamanku tare da Malam Ibrahim Kirsimeti
hau_0443_topic,religion
hau_0443_headline,Ku San Malamanku tare da Sheikh Aminu Daurawa
hau_0444_topic,religion
hau_0444_headline,Ku San Malamanku tare da Sheikh Abubakar Kyari Muhammad
hau_0445_topic,religion
hau_0445_headline,Ku San Malamanku tare da Malama Zainab Mahmud Adam
hau_0446_topic,religion
hau_0446_headline,Bidiyon Ku San Malamanku tare da Malam Mahmud Abubakar
hau_0447_topic,religion
hau_0447_headline,Ku San Malamanku tare da Ustaz Adam Muhammad Murtadha
hau_0448_topic,religion
hau_0448_headline,Ku San Malamanku tare da Kadasan Sheikh Ahmad Muhammad Ibrahimbala
hau_0449_topic,religion
hau_0449_headline,Yadda aka haramta gina masallaci a Makkah da Madina
hau_0450_topic,religion
hau_0450_headline,Bidiyon Ku San Malamanku tare da Dr Jamil Muhammad Sadis
hau_0451_topic,religion
hau_0451_headline,Ramadan: Abin da ya sa Musulmai ke son dacewa da watan Ramadan
hau_0452_topic,religion
hau_0452_headline,Daraul Mus'ani: Abin da ya kamata ku sani kan yadda ake buga Al Ƙur'ani
hau_0453_topic,religion
hau_0453_headline,Eid Fitr: Yadda aka yi Sallar Idi a Najeriya
hau_0454_topic,religion
hau_0454_headline,Ku San Malamanku tare da Malam Yakubu Musa
hau_0455_topic,religion
hau_0455_headline,Bidiyon Ku San Malamanku tare da Malam Muhammad Mahmud Mobbo Tukur Gombe
hau_0456_topic,religion
hau_0456_headline,Ku San Malamanku tare da Sheikh Jabir Maihula
hau_0457_topic,religion
hau_0457_headline,Saudiyya ta bukaci Musulmin duniya su yi Sallar Ramadan
hau_0458_topic,religion
hau_0458_headline,Ku San Malamanku tare da Dr Abubakar Muhammad Sani Birni Kudu
hau_0459_topic,religion
hau_0459_headline,Abin da ya kamata ku sani kan dokar ƙin Musulunci a India
hau_0460_topic,religion
hau_0460_headline,Ku San Malamanku tare da Sheikh Nuru Khalid
hau_0461_topic,religion
hau_0461_headline,Ku San Malamanku tare da Malam Saminaka Yaru
hau_0462_topic,religion
hau_0462_headline,Ku San Malamanku tare da Sheikh Shettima Habib
hau_0463_topic,religion
hau_0463_headline,An kai hari masallaci a Indiya
hau_0464_topic,religion
hau_0464_headline,Hotunan yadda aka yi bude-baki na watan Ramadan a duniya
hau_0465_topic,religion
hau_0465_headline,Abin da ya kamata ku sani kan tsarin Adashin da za ku bi
hau_0466_topic,religion
hau_0466_headline,Bidiyon Ku San Malamanku tare da Malam Muhammad Momobbo Tukur
hau_0467_topic,religion
hau_0467_headline,Ku San Malamanku tare da Sheikh Dahiru Bauchi
hau_0468_topic,religion
hau_0468_headline,Ku San Malamanku tare da Sheikh Muhammad Khamis
hau_0469_topic,religion
hau_0469_headline,Ramadan 2019: 'Yan Najeriya sun fara duban watan Ramadan
hau_0470_topic,religion
hau_0470_headline,Bidiyon Ku San Malamanku tare da Malam Jabir Sani Maihula
hau_0471_topic,religion
hau_0471_headline,Ku San Malamanku tare da Malama Zahra'u Muhammad Umar
hau_0472_topic,religion
hau_0472_headline,Coronavirus: An yi wa'azi kan coronavirus
hau_0473_topic,religion
hau_0473_headline,Bidiyon Sallar Asham: Ku San Malamanku tare da Sheikh Muhammad Awwal
hau_0474_topic,religion
hau_0474_headline,Yadda ake kai wa Musulmai hari-hare-hari kan Musulmai
hau_0475_topic,religion
hau_0475_headline,Ku San Malamanku tare da Sheikh Muhammad Bala Ahmed
hau_0476_topic,religion
hau_0476_headline,Ku San Malamanku tare da Malam Dahiru Lawan Mu'az
hau_0477_topic,religion
hau_0477_headline,Ku San Malamanku tare da Malam Muhammad Mahdi Sheik Haruna Rashid
hau_0478_topic,religion
hau_0478_headline,Abin da ya sa na yi shari'u a Gombe
hau_0479_topic,sports
hau_0479_headline,Conte zai bar Tottenham a karshen shekara 10
hau_0480_topic,sports
hau_0480_headline,Man City za ta yi wa Ronaldo tayin sabon kwaniriya
hau_0481_topic,sports
hau_0481_headline,Ayan wasan da za su kare a kakar bana
hau_0482_topic,sports
hau_0482_headline,Champions League: Real Madrid da Liverpool za su buga wasan karshe a Champions League
hau_0483_topic,sports
hau_0483_headline,Barcelona ta doke Real Madrid a La Liga
hau_0484_topic,sports
hau_0484_headline,Dan wasan da ya bar Southampton ya koma Buyi
hau_0485_topic,sports
hau_0485_headline,Bahagon Ali Kawoji ya yi nasara a wasan da aka yi a Kano
hau_0486_topic,sports
hau_0486_headline,Real Madrid ta kammala daukar 'yan wasa na Faransa daga Monaco
hau_0487_topic,sports
hau_0487_headline,La Liga: Benzema ya ci wa Real Madrid kwallo a La Liga
hau_0488_topic,sports
hau_0488_headline,An gabatar da Gerrard a matakin da ya sayi hannun jari a Serie B
hau_0489_topic,sports
hau_0489_headline,West Ham ta kammala daukar Aguerd
hau_0490_topic,sports
hau_0490_headline,Sadio Mane: Liverpool ba ta amince da sayen Mane a Liverpool ba
hau_0491_topic,sports
hau_0491_headline,Morocco ta kai daf da na kusa da na karshe
hau_0492_topic,sports
hau_0492_headline,Ronaldo ya zama dan wasan Portugal
hau_0493_topic,sports
hau_0493_headline,Lionel Messi ya koma Paris St Germain da taka leda
hau_0494_topic,sports
hau_0494_headline,Kofin Premierr Najeriya: An ci tarar Kano Pillars naira miliyan tara
hau_0495_topic,sports
hau_0495_headline,Aston Villa ta lashe Brentford a Premier League
hau_0496_topic,sports
hau_0496_headline,Leicester City ta yi nasara a kan Leicester City
hau_0497_topic,sports
hau_0497_headline,Barcelona ta amince daukar Frank Kessie
hau_0498_topic,sports
hau_0498_headline,Paris St-Germain na son daukar Rashford
hau_0499_topic,sports
hau_0499_headline,Koriya ta Kudu: 'Yan wasa 26 da za su buga mata Kofin Duniya
hau_0500_topic,sports
hau_0500_headline,Cahill ya yi ritaya daga taka leda
hau_0501_topic,sports
hau_0501_headline,Luis Ronaldo ya ce zai koma wasansa ta National
hau_0502_topic,sports
hau_0502_headline,Messi ya ce daga kofin duniya za a yi murabus daga buga wa Argentina wasa
hau_0503_topic,sports
hau_0503_headline,Lewandowski ya lashe kyautar takalmin Zinare a bana
hau_0504_topic,sports
hau_0504_headline,Man United za ta bi da zimmar dakatar da Ronaldo a Manchester United
hau_0505_topic,sports
hau_0505_headline,Lionel Messi ya lashe Kofin Duniya a Qatar
hau_0506_topic,sports
hau_0506_headline,Amsoshin Takardunku: Yadda aka sayar da 'yan ƙwallo
hau_0507_topic,sports
hau_0507_headline,Kamaru ta yi nasara a gasar Kofin Duniya a Kamaru
hau_0508_topic,sports
hau_0508_headline,Kasuwar 'yan kwallon kafa: Makomar Jesus ya amince da yarjejeniyar kaka biyar da Arsenal
hau_0509_topic,sports
hau_0509_headline,La Liga: 'Yan wasan Real Madrid 11 da za su buga wasan sada zumunta
hau_0510_topic,sports
hau_0510_headline,Arsenal ta fara gasar Premier League a bana
hau_0511_topic,sports
hau_0511_headline,Warta kotu ta bayar da Greenwood kan fyade
hau_0512_topic,sports
hau_0512_headline,Kociyan da ya kamata ku sani kan aikin horar da tamaula a Premier League
hau_0513_topic,sports
hau_0513_headline,Erling Haaland: Abin da ya kamata ku sani game da Man City
hau_0514_topic,sports
hau_0514_headline,Atletico Madrid ta ci Real Madrid 1-0 a La Liga
hau_0515_topic,sports
hau_0515_headline,Man United ta yi ta £115m a kakar 2021-22
hau_0516_topic,sports
hau_0516_headline,Za a yi gwanjon kwallon Maradona da ya ci a gasar Kofin Duniya
hau_0517_topic,sports
hau_0517_headline,Real Madrid za ta buga wasan sada zumunta uku a Amurka
hau_0518_topic,sports
hau_0518_headline,Mayi da ya fara buga Gasar Cin Kofin Duniya a Qatar
hau_0519_topic,sports
hau_0519_headline,Man United ta fara tattaunawa da Jurgen Timber
hau_0520_topic,sports
hau_0520_headline,Neymar na son barin Paris St-Germain
hau_0521_topic,sports
hau_0521_headline,Chelsea ta yi wa Faransa wasa na biyu a Champions League
hau_0522_topic,sports
hau_0522_headline,Arsenal ta koma gurbin buga Champions League a bana
hau_0523_topic,sports
hau_0523_headline,Benzema ya yi ritaya daga wasan da ya yi wa Bayern Munich
hau_0524_topic,sports
hau_0524_headline,Champions League 2021: Real Madrid ta buga wasan farko a Champions League
hau_0525_topic,sports
hau_0525_headline,Bayern Munich ta yi wa Munich gida
hau_0526_topic,sports
hau_0526_headline,Abin da ya kamata ku sani game da cinikin Liverpool
hau_0527_topic,sports
hau_0527_headline,Chelsea ta kamalla ƙulla yarjejeniyar da Chelsea ta yi a matsayin kocin Ingila
hau_0528_topic,sports
hau_0528_headline,Al-Nassr ta yi wa Ronaldo tayin albashin mai tsoka
hau_0529_topic,sports
hau_0529_headline,Chelsea za ta yi wa Real Madrid wasan farko a Stamford Bridge
hau_0530_topic,sports
hau_0530_headline,An kashe dan Najeriya a Qatar
hau_0531_topic,sports
hau_0531_headline,Man United ta sha kashi da cin kwallo a Premier League
hau_0532_topic,sports
hau_0532_headline,Arsenal za ta buga wasan mako na takwas a Premier League
hau_0533_topic,sports
hau_0533_headline,Tottenham na ci gaba da zawarcin Anthony Gordon
hau_0534_topic,sports
hau_0534_headline,An sauya Erling Haaland a Champions League
hau_0535_topic,sports
hau_0535_headline,Tottenham ta ci Southampton 4-1 a Premier League
hau_0536_topic,sports
hau_0536_headline,Bournemouth ta kori Scott Peter Grant a Premier League
hau_0537_topic,sports
hau_0537_headline,Man United na son daukar Cristiano Ronaldo
hau_0538_topic,sports
hau_0538_headline,Barcelona ta lashe Champions League a bana
hau_0539_topic,sports
hau_0539_headline,Real Madrid ta yi nasara a gasar La Liga
hau_0540_topic,sports
hau_0540_headline,Chelsea ta fara Serie A ta bana
hau_0541_topic,sports
hau_0541_headline,"Liverpool na zawarcin Salah, Mane ya ce zai koma Liverpool"
hau_0542_topic,sports
hau_0542_headline,Arsenal ta nada Emery a matsayin sabon kociyata
hau_0543_topic,sports
hau_0543_headline,Hotunan 'yan wasan da suka yi wa Qatar 2022
hau_0544_topic,sports
hau_0544_headline,Barcelona za ta buga wasan sada zumunta hudu a Amurka
hau_0545_topic,sports
hau_0545_headline,Yan wasan Bayern Munich da suka yi nasara a kakar 2021-22
hau_0546_topic,sports
hau_0546_headline,Ronaldo ba zai buga wasan da Man United za ta yi da Chelsea ba
hau_0547_topic,sports
hau_0547_headline,Lewandowski ya ci kwallo na 600 a La Liga
hau_0548_topic,sports
hau_0548_headline,Aan Ajantina sun yi gasar cin kofin duniya
hau_0549_topic,sports
hau_0549_headline,Me ya sa 'yan wasan kwallon kafa suka yi a duniya?
hau_0550_topic,sports
hau_0550_headline,An yi wa mata tiyata a Milan
hau_0551_topic,sports
hau_0551_headline,Sadio Mane ya koma Bayern Munich
hau_0552_topic,sports
hau_0552_headline,Harry Maguire ya koma atisaye
hau_0553_topic,sports
hau_0553_headline,Bayern Munich za ta kara da Villareal a Champions League
hau_0554_topic,sports
hau_0554_headline,Chelsea za ta dauki Victor Osimhen mai shekara 23
hau_0555_topic,sports
hau_0555_headline,La Liga za ta kara tsakanin Barcelona da Sevilla a La Liga
hau_0556_topic,sports
hau_0556_headline,Benzema ya yi kan-kan da Ronaldo ya ci wa Real Madrid kwallo a tarihi
hau_0557_topic,sports
hau_0557_headline,Zlatan Ibrahimovic zai ci gaba da taka leda a AC Milan
hau_0558_topic,sports
hau_0558_headline,Brazil na son lashe Kofin Duniya a Qatar
hau_0559_topic,sports
hau_0559_headline,Arsenal ta kammala cinikin Lukaku daga Man City
hau_0560_topic,sports
hau_0560_headline,Arsenal ta kamma daukar Jesus daga Man City
hau_0561_topic,sports
hau_0561_headline,Chelsea ta ci Southampton da ci 6-0 a Premier League
hau_0562_topic,sports
hau_0562_headline,Man United ta ci Liverpool a wasan sada zumunta
hau_0563_topic,sports
hau_0563_headline,Makomar Mbappe zai zama sabon kocin West Brom
hau_0564_topic,sports
hau_0564_headline,Mbappe ya ce Paris St Germain ta 'yaudare ni
hau_0565_topic,sports
hau_0565_headline,Man United ta tashi 0-0 a Premier
hau_0566_topic,sports
hau_0566_headline,"Arsenal ta sake daukar Fernandinho, Man City ya koma Barcelona"
hau_0567_topic,sports
hau_0567_headline,Antony ya ce ba zan daina wasan da na fito da ni ba'a ba
hau_0568_topic,sports
hau_0568_headline,AFCON 2025: CAF ta sanya ranar 11 ga kasashen da ke son karbar gasar Afirka ta 24
hau_0569_topic,sports
hau_0569_headline,Chelsea ta ce za ta dauki matakin ba-sili-ba-saba a Stamford Bridge
hau_0570_topic,sports
hau_0570_headline,Ronaldo na cikin 'yan wasan Real Madrid da za su buga wa Croatia Kofin Duniya a Qatar
hau_0571_topic,business
hau_0571_headline,Real Madrid ta daya a darajar a tattalin arziki a duniya
hau_0572_topic,sports
hau_0572_headline,Morochi ta kai gasar Kofin Duniya a Qatar
hau_0573_topic,sports
hau_0573_headline,An bai wa Chelsea umarnin sayar da Chelsea
hau_0574_topic,sports
hau_0574_headline,Man City da Real Madrid sun tattauna da Erling Haaland
hau_0575_topic,sports
hau_0575_headline,Dan wasan kafa na Arsenal za su yi tiyatar da aka yi masa
hau_0576_topic,sports
hau_0576_headline,Algeria ta buga wasan sada zumunta da Algeria
hau_0577_topic,sports
hau_0577_headline,An kashe mutum 125 a Indonesia
hau_0578_topic,sports
hau_0578_headline,Mbappe ya ci gaba da cin Kofin Duniya a Qatar
hau_0579_topic,technology
hau_0579_headline,Hotunan sararin samaniya da aka gano a sararin samaniya
hau_0580_topic,technology
hau_0580_headline,Amurka ta yi amfani da fasahar yin amfani da technology
hau_0581_topic,technology
hau_0581_headline,Abin da ya kamata ku sani game da abubuwan da ke cikin 'ƙar ma'adinai
hau_0582_topic,technology
hau_0582_headline,Coronavirus: Abin da ya kamata ku sani game da cutar korona
hau_0583_topic,technology
hau_0583_headline,China ta kaddamar da shirin ɗauko hotunan duwatsu da ke sararin samaniya
hau_0584_topic,technology
hau_0584_headline,Akwai: Abin da ya sa 'yan leken asiri ke aiki a duniya
hau_0585_topic,technology
hau_0585_headline,Abin da ya kamata ku sani ba kan sabbin kayan amfani a Najeriya
hau_0586_topic,business
hau_0586_headline,Abin da ya kamata ku sani kan yadda matasa ke son samun aikin yi a Kano
hau_0587_topic,technology
hau_0587_headline,Abin da ya sa 'yan mata suka sace a Bauchi
hau_0588_topic,technology
hau_0588_headline,Twitter sun amince a sayar wa Elon Musk kamfanin kan dala biliyan 44
hau_0589_topic,technology
hau_0589_headline,An yi wa Facebook dala biliyan 5 a shekara 5
hau_0590_topic,technology
hau_0590_headline,Abin da ya kamata ku sani game da sararin samaniya
hau_0591_topic,politics
hau_0591_headline,Buhari ya zama shugaban Najeriya
hau_0592_topic,technology
hau_0592_headline,Abin da ya kamata ku sani kan yadda ma'aikatan BBC ke amfani da labaran sada zumunta
hau_0593_topic,business
hau_0593_headline,Abin da ya kamata ku sani kan yadda ba ku sani ba a Kano ba - Garba Abdullahi
hau_0594_topic,technology
hau_0594_headline,Abin da ya sa yara za su sa ido ga yara masu amfani da intanet
hau_0595_topic,business
hau_0595_headline,Boeing zai dakatar da kera jirgin 737 Max
hau_0596_topic,technology
hau_0596_headline,An kaddamar da hotunan sararin samaniya a Birtaniya
hau_0597_topic,business
hau_0597_headline,Amurka ta hana sayar da makamai tsakanin Saudiyya da Saudiyya
hau_0598_topic,business
hau_0598_headline,EFCC ta kama mutum da 'yan sandan Amurka na neman zamba ta intanet
hau_0599_topic,business
hau_0599_headline,Abin da ya kamata ku sani kan rikicin tattalin arziki da China da Canada
hau_0600_topic,technology
hau_0600_headline,Abin da ya kamata ku sani kan yadda ake yi wa mutane kutse
hau_0601_topic,technology
hau_0601_headline,Abin da ya kamata ku sani kan fitar da fasahar 5G da ake yi a Amurka
hau_0602_topic,business
hau_0602_headline,Abin da ya sa ake tarawa da wutar lantarki a Najeriya
hau_0603_topic,technology
hau_0603_headline,Iran: Kasashen duniya sun fara nuna damuwa kan daukarwar intanet a Iran
hau_0604_topic,technology
hau_0604_headline,Abin da ya kamata ku sani game da 'yan sama jannati
hau_0605_topic,technology
hau_0605_headline,Saudiyya ta musanta zargi da ake yi wa Ibrahim Salman a Saudiyya
hau_0606_topic,technology
hau_0606_headline,China ta yi amfani da makamai a Indiya
hau_0607_topic,technology
hau_0607_headline,Abin da ya sa Amurka ta gano abubuwan da ke tashi sama da ba a sani ba
hau_0608_topic,technology
hau_0608_headline,China ta fara aiki na an sama jannatin China
hau_0609_topic,entertainment
hau_0609_headline,Abba Kyari: Abin da ya kamata ku sani kan wanke Abba Kyari
hau_0610_topic,technology
hau_0610_headline,Lafiya Zinariya: Yadda matasa ke amfani da wayoyin zamani
hau_0611_topic,technology
hau_0611_headline,Facebook ya gano kudin da masu fada-a-ji suka yi
hau_0612_topic,technology
hau_0612_headline,Hadiza Shehu: Abin da ya kamata ku sani kan motar zamani
hau_0613_topic,technology
hau_0613_headline,An jefar da ma'adancin bayanai na komfutar da ke ciki
hau_0614_topic,health
hau_0614_headline,An yi ɓarna a Amurka
hau_0615_topic,health
hau_0615_headline,Lafiya Zinariya: 'Yar mitsitsiyar kwakwalwa na farko a duniyar kimiyya
hau_0616_topic,technology
hau_0616_headline,Yadda za a yi amfani da hotunan giwaye a Afirka
hau_0617_topic,technology
hau_0617_headline,Matar da ta goge hotunan 'ya'yar da ta wallafa a shafukan sada zumunta
hau_0618_topic,technology
hau_0618_headline,Yan Afirka ta Kudu da suka zama dan Afirka na farko da ya mutu
hau_0619_topic,entertainment
hau_0619_headline,Me To: Abin da ya kamata ku sani kan batun cin zarafin mata a duniya
hau_0620_topic,technology
hau_0620_headline,An gano gawar mutum da ya kashe shekara 22 a Amurka
hau_0621_topic,technology
hau_0621_headline,Abin da ya kamata ku sani kan fasahar zamani
hau_0622_topic,technology
hau_0622_headline,Abin da ya kamata ku sani kan yadda mutum-mutumi suka iya kashe dan Adam
hau_0623_topic,technology
hau_0623_headline,Google ya fitar da sabon tsarin Abin da ya kamata ku sani
hau_0624_topic,technology
hau_0624_headline,WhatsApp ya ja hankalin masu amfani da su a duniya
hau_0625_topic,technology
hau_0625_headline,Abin da ya kamata ku sani game da yadda za ku yi wa mijinsu na ha'intarka a Kano
hau_0626_topic,technology
hau_0626_headline,Abin da ya sa Amurka da Iran da China suka yi wa kutsen 'yan siyasa
hau_0627_topic,technology
hau_0627_headline,Lafiya Zinariya: Yadda za a cire yanayi daga sararin samaniya
hau_0628_topic,technology
hau_0628_headline,Mansur Mabere: Abin da ya kamata ku sani game da fasahar ban ruwa
hau_0629_topic,technology
hau_0629_headline,Yadda za ku yi amfani da hotunan Black Head a sararin samaniya
hau_0630_topic,technology
hau_0630_headline,Abin da ya sa ake amfani da bidiyon bogi a fina-finan batsa
hau_0631_topic,technology
hau_0631_headline,Abin da ya kamata ku sani game da lafiyar jirgi a Turai
hau_0632_topic,technology
hau_0632_headline,Dan shekara 14 da ya samar wa gidaje da lantarki a Ethiopia
hau_0633_topic,technology
hau_0633_headline,Google ya zama shafin intanet na 2019
hau_0634_topic,technology
hau_0634_headline,An bai wa mutane kyautar Zinare saboda bajijer da aka yi a Afghanistan
hau_0635_topic,technology
hau_0635_headline,WhatsApp ya ce za a yi amfani da TikTok da Facebook da Twitter
hau_0636_topic,technology
hau_0636_headline,Yadda larurar makanta ta hana mutum samun ilimi a Najeriya
hau_0637_topic,technology
hau_0637_headline,Abin da ya sa wayoyin intanet ke riyadewa a duniya
